Pattern_ID,Final_Hybrid_N-Gram
200001,DT.* JJ.*
200002,JJ.* NN.*
200003,DTC JJCS_JJD_CCP
200004,JJCS_JJD_CCP NNC
200001,PR.* NN.*_PM.*
200002,JJ.* NN.*_PM.*
200003,NN.* PR.*_PM.*
200004,RB.* NN.*_PM.*
200005,PR.* VB.*_PM.*
200006,VB.* NN.*_PM.*
200007,JJ.* NN.*
200008,PRSP_CCP NNC_PMP
200009,JJD_CCP NNC_PMC
200010,NNC_CCP PRO_PMP
200011,NNC_CCP PRO_PMQ
200012,VBTS_CCP NNC_PMP
200013,PRI_CCP NNC_PMP
200014,VBN_CCP NNC_PMP
200015,JJCS_JJD_CCP NNC
200016,JJD_CCP NNC_PMP
200017,JJ.* NNC_PMC
200018,JJ.* NNC_PMP
300001,PR.* VB.* CC.*
300002,VB.* CC.* NN.*_PM.*
300003,NN.* CC.* PR.*
300004,CC.* PR.* NN.*
300005,NN.* CC.* VB.*
300006,CC.* VB.* CC.*
300007,VB.* CC.* DT.*
300008,CC.* DT.* NN.*_PM.*
300009,RB.* CC.* PR.*
300010,CC.* PR.* NN.*_PM.*
300011,CC.* DT.* NN.*
300012,DT.* NN.* JJ.*
300013,VB.* PR.* VB.*
300014,PR.* DT.* NN.*
300015,VB.* CC.* NN.*
300016,LM RB.* VB.*
300017,RB.* VB.* CC.*
300018,VB.* CC.* PR.*_PM.*
300019,RB.* CC.* PR.*_PM.*
300020,VB.* RB.* NN.*
300021,CC.* NN.* PR.*_PM.*
300022,NN.* RB.* NN.*_PM.*
300023,JJ.* CC.* NN.*_PM.*
300024,JJ.* NN.* PR.*
300025,NN.* PR.* VB.*
300026,VB.* CC.* PR.*
300027,CC.* PR.* DT.*
300028,PR.* DT.* NN.*_PM.*
300029,PR.* VB.* DT.*
300030,PR.* VB.* PR.*_PM.*
300031,RB.* PR.* VB.*_PM.*
300032,CC.* RB.* RB.*_PM.*
300033,DT.* VB.* PR.*_PM.*
300034,VB.* CC.* JJ.*
300035,JJ.* DT.* NN.*_PM.*
300036,NN.* VB.* RB.*
300037,RB.* JJ.* NN.*
300038,VB.* DT.* NN.*
300039,DT.* NN.* PR.*_PM.*
300040,NN.* DT.* NN.*_PM.*
300041,RB.* CC.* VB.*_PM.*
300042,PR.* PR.* NN.*
300043,VB.* DT.* PR.*
300044,DT.* PR.* NN.*
300045,PR.* NN.* DT.*
300046,PR.* CC.* NN.*_PM.*
300047,CC.* VB.* PR.*_PM.*
300048,PR.* VB.* NN.*_PM.*
300049,VB.* PR.* PR.*
300050,PR.* NN.* CC.*
300051,RB.* VB.* DT.*
300052,PR.* RB.* VB.*
300053,JJ.* NN.* DT.*
300054,DT.* RB.* VB.*
300055,DT.* PR.* NN.*_PM.*
300056,DT.* NN.* NN.*_PM.*
300057,VB.* RB.* PR.*
300058,JJ.* DT.* NN.*
300059,PR.* JJ.* CC.*
300060,DT.* PR.* DT.*
300061,DT.* NN.* VB.*
300062,NN.* PR.* DT.*
300063,DT.* NN.* PR.*
300064,PR.* CC.* PR.*
300065,CC.* VB.* NN.*_PM.*
300066,VB.* RB.* RB.*
300067,CC.* DT.* JJ.*
300068,DT.* DT.* PR.*_PM.*
300069,CC.* NN.* PM.*
300070,JJ.* DT.* PR.*
300071,DT.* DT.* NN.*
300072,DT.* NN.* PM.*
300073,DT.* JJ.* CC.*
300074,JJ.* CC.* NN.*
300075,CC.* VB.* PR.*
300076,NN.* VB.* PR.*
300077,CC.* PR.* JJ.*
300078,JJ.* PM.* JJ.*
300079,JJ.* NN.* CC.*
300080,FW CC.* VB.*
300081,CC.* JJ.* VB.*
300082,JJ.* VB.* CC.*
300083,NN.* CC.* JJ.*
300084,NN.* LM RB.*
300085,PR.* JJ.* NN.*
300086,RB.* PR.* VB.*
300087,VB.* PR.* CC.*
300088,NN.* DT.* PR.*
300089,DT.* JJ.* NN.*_PM.*
300090,VB.* PR.* DT.*
300091,VB.* DT.* JJ.*
300092,JJ.* CC.* VB.*
300093,CC.* JJ.* NN.*_PM.*
300094,RB.* DT.* PR.*
300095,DT.* PR.* VB.*_PM.*
300096,VB.* NN.* CC.*
300097,DT.* VB.* NN.*
300098,DT.* DT.* VB.*
300099,CC.* JJ.* NN.*
300100,VB.* NN.* RB.*
300101,NNC CCT PRI_CCP
300102,CCT PRI_CCP NNC
300103,CCP VBTR_VBAF CCB
300104,CCB DTCP NNC_PMC
300105,CCT PRSP_CCP NNC_PMP
300106,CCT DTC NNC_CCP
300107,VBW CCB PRI_PMP
300108,RBR CCT PRSP_PMC
300109,CCT RBT RBI_PMC
300110,VBW CCB JJD_CCP
300111,PRI_CCP DTCP NNC
300112,PRI PRO_CCP NNC
300113,JJD CCP NNC_PMC
300114,CCT DTCP NNC_PMP
300115,RBT_CCP VBW CCB
300116,JJD_CCP NNC DTC
300117,DTC RBT_CCP VBW
300118,DTC PRSP_CCP NNC_PMP
300119,PRQ_CCP DTCP NNC
300120,DTC NNC PRP_CCP
300121,CCT PRI_CCP NNC_PMP
300122,VBW CCT PRI_CCP
300123,PRS CCB NNP_PMC
300124,VBS PRS_CCP VBAF
300125,PRS_CCP VBAF CCB
300126,NNC CCB VBN_CCP
300127,CCB VBN_CCP NNC_PMP
300128,CCT DTCP JJD_CCP
300129,VBOF DTC PRI_CCP
300130,DTC PRI_CCP NNC
300131,PRI_CCP NNC CCT
300132,CCB NNC_CCP PMS
300133,DTC DTCP NNC_CCP
300134,DTCP NNC_CCP PMS
300135,DTC JJCS_JJD CCP
300136,JJCS_JJD CCP NNC
300137,CCT DTCP NNC_CCP
300138,VBH PRS_CCP PRI_CCP
300139,PRS_CCP PRI_CCP NNC
300140,NNC CCT PRSP_CCP
300141,CCT PRSP_CCP DTCP
300142,PRSP_CCP DTCP NNC
300143,CCT PRI_CCP JJD
300144,JJCS PMS JJD_CCP
300145,JJCS_JJD_CCP NNC CCB
300146,CCB PRSP_CCP NNC_PMP
300147,NNC CCB JJD_CCP
300148,CCB PRI_CCP NNC
300149,VBW DTC JJCS_JJD
300150,JJCS_JJD CCP VBAF
300151,VBAF CCP NNC_PMC
300152,VBW CCB PRI_CCP
300153,PRI_CCP JJD_CCP NNC
300154,CCB DTCP NNC_PMP
300155,CCB PRSP_CCP DTCP
300156,VBH PRO_CCP DTCP
300157,PRO_CCP DTCP NNC
300158,CCB JJD_CCP NNC
300159,JJD_CCP NNC CCT
300160,PRSP_CCP JJD_CCP NNC
300161,NNC DTC PRSP_CCP
300162,JJD CCP NNC_PMP
300163,NN.* CCT PRI_CCP
300164,CC.* PR.* NNC
300165,CC.* VB.* CCB
300166,CC.* DT.* NNC_PMC
300167,CC.* PR.* NNC_PMP
300168,CC.* DT.* NNC_CCP
300169,VB.* CCB PRI_PMP
300170,RB.* CCT PR.*_PM.*
300171,CC.* RBT RB.*_PM.*
300172,VB.* CCB JJD_CCP
300173,PR.* PR.* NNC
300174,JJ.* CCP NNC_PMC
300175,CC.* DT.* NNC_PMP
300176,RB.* VB.* CCB
300177,JJ.* NNC DTC
300178,DT.* RB.* VBW
300179,DT.* PRSP_CCP NN.*_PM.*
300180,DT.* NNC PRP_CCP
300181,PR.* CC.* NNP_PMC
300182,VB.* PRS_CCP VBAF
300183,PR.* VB.* CCB
300184,NN.* CC.* VBN_CCP
300185,CC.* DTCP JJD_CCP
300186,DT.* PRI_CCP NNC
300187,PR.* NNC CCT
300188,CC.* NN.* PMS
300189,DT.* DT.* NNC_CCP
300190,DT.* NNC_CCP PMS
300192,VB.* PRS_CCP PRI_CCP
300193,PR.* PRI_CCP NNC
300194,NN.* CC.* PRSP_CCP
300195,CC.* PR.* DTCP
300196,CC.* PRI_CCP JJD
300198,NN.* CCB JJD_CCP
300201,VB.* PRO_CCP DTCP
300202,CC.* JJ.* NNC
300203,JJ.* NNC CCT
300204,PR.* JJD_CCP NNC
400001,VB.* PR.* CC.* NN.*
400002,PR.* CC.* NN.* RB.*
400003,CC.* NN.* RB.* CC.*
400004,CC.* PR.* VB.* CC.*
400005,RB.* RB.* DT.* NN.*
400006,CC.* NN.* CC.* DT.*
400007,CC.* DT.* NN.* VB.*
400008,DT.* NN.* VB.* RB.*
400009,NN.* VB.* RB.* CC.*
400010,VB.* RB.* CC.* DT.*
400011,RB.* CC.* DT.* NN.*
400012,JJ.* CC.* VB.* DT.*
400013,CC.* VB.* DT.* DT.*
400014,VB.* DT.* DT.* NN.*
400015,DT.* DT.* NN.* CC.*
400016,DT.* NN.* CC.* PR.*
400017,NN.* CC.* PR.* NN.*
400018,CC.* PR.* NN.* CC.*
400019,NN.* NN.* CC.* VB.*
400020,NN.* CC.* VB.* CC.*
400021,CC.* VB.* CC.* DT.*
400022,VB.* CC.* DT.* NN.*
400023,CC.* DT.* NN.* CC.*
400024,RB.* RB.* VB.* DT.*
400025,RB.* VB.* DT.* DT.*
400026,NN.* CC.* DT.* NN.*_PM.*
400027,CC.* PR.* RB.* DT.*
400028,RB.* CC.* RB.* VB.*
400029,CC.* RB.* VB.* DT.*
400030,RB.* VB.* DT.* PR.*
400031,VB.* DT.* PR.* CC.*
400032,PR.* CC.* NN.* CC.*
400033,CC.* NN.* CC.* VB.*
400034,CC.* VB.* CC.* JJ.*
400035,VB.* CC.* JJ.* VB.*
400036,CC.* JJ.* VB.* CC.*
400037,RB.* RB.* CC.* PR.*
400038,RB.* CC.* PR.* NN.*_PM.*
400039,DT.* CC.* PM.* JJ.*
400416,DT.* pag-kakahiwahiwalay ng mga
400040,CC.* PM.* JJ.* CC.*
400417,pag-kakahiwahiwalay ng mga CC.*
400041,CC.* DT.* NN.* LM
400042,CC.* VB.* RB.* DT.*
400043,CC.* VB.* PR.* PR.*
400044,PM.* NN.* JJ.* CC.*
400045,CC.* PR.* DT.* NN.*
400046,PR.* DT.* NN.* JJ.*
400047,NN.* DT.* VB.* CC.*
400048,LM RB.* VB.* CC.*
400049,RB.* VB.* CC.* PR.*_PM.*
400050,VB.* CC.* CD.* NN.*
400051,CC.* CD.* NN.* CC.*
400052,VB.* RB.* NN.* CC.*
400053,NN.* CC.* NN.* PR.*_PM.*
400054,VB.* RB.* DT.* NN.*
400055,RB.* DT.* NN.* CC.*
400056,RB.* CC.* NN.* PM.*
400057,VB.* PR.* CC.* JJ.*
400058,PR.* CC.* JJ.* CC.*
400059,CC.* JJ.* CC.* NN.*_PM.*
400060,JJ.* NN.* PR.* VB.*
400061,NN.* PR.* VB.* CC.*
400062,PR.* VB.* CC.* PR.*
400063,VB.* CC.* PR.* DT.*
400064,DT.* PR.* NN.* LM
400065,VB.* PR.* DT.* NN.*
400066,PR.* DT.* NN.* CC.*
400067,VB.* PR.* VB.* DT.*
400068,PR.* VB.* DT.* NN.*
400069,VB.* DT.* NN.* CC.*
400070,CC.* VB.* PR.* RB.*
400071,VB.* PR.* RB.* RB.*
400072,RB.* RB.* PR.* VB.*
400073,RB.* RB.* PR.* VB.*_PM.*
400074,RB.* RB.* DT.* VB.*
400075,RB.* DT.* VB.* PR.*_PM.*
400076,CC.* CC.* VB.* CC.*
400077,RB.* JJ.* NN.* PR.*
400078,VB.* DT.* NN.* PR.*_PM.*
400079,PR.* JJ.* CC.* NN.*
400080,JJ.* CC.* NN.* PR.*
400081,CC.* NN.* PR.* CC.*
400082,PR.* DT.* NN.* DT.*
400083,PR.* PR.* NN.* CC.*
400084,CC.* VB.* PR.* DT.*
400085,PR.* DT.* NN.* RB.*
400086,VB.* DT.* PR.* NN.*
400087,DT.* PR.* NN.* DT.*
400088,PR.* NN.* DT.* VB.*
400089,RB.* PR.* JJ.* CC.*
400090,PR.* JJ.* CC.* VB.*
400091,CC.* VB.* DT.* PR.*
400092,DT.* PR.* CC.* DT.*
400093,DT.* NN.* CC.* CC.*
400094,CC.* VB.* PR.* CC.*
400095,CC.* NN.* LM VB.*
400096,RB.* VB.* PR.* CC.*
400097,VB.* PR.* CC.* NN.*_PM.*
400098,VB.* PR.* RB.* VB.*
400099,VB.* PR.* PR.* NN.*
400100,PR.* NN.* CC.* NN.*_PM.*
400101,LM VB.* PR.* CC.*
400102,NN.* CC.* PR.* CC.*
400103,CC.* PR.* CC.* DT.*
400104,PR.* CC.* DT.* JJ.*
400105,RB.* VB.* DT.* NN.*
400106,CC.* VB.* LM VB.*
400107,VB.* LM VB.* PR.*
400108,NN.* CC.* RB.* VB.*
400109,CC.* RB.* VB.* CC.*
400110,RB.* DT.* DT.* NN.*
400111,PR.* CC.* NN.* PR.*_PM.*
400112,DT.* RB.* VB.* CC.*
400113,LM VB.* PR.* DT.*
400114,PR.* DT.* NN.* NN.*_PM.*
400115,PR.* NN.* CC.* NN.*
400116,CC.* PR.* LM VB.*
400117,PR.* LM VB.* RB.*
400118,VB.* RB.* RB.* CC.*
400119,RB.* RB.* CC.* VB.*
400120,CC.* PM.* NN.* CC.*
400121,VB.* CC.* NN.* PM.*
400122,PR.* LM VB.* CC.*
400123,VB.* CC.* PR.* NN.*
400124,PR.* NN.* CC.* CC.*
400125,NN.* CC.* CC.* PR.*
400126,CC.* CC.* PR.* LM
400127,NN.* CC.* PR.* LM
400128,VB.* PR.* CC.* PR.*
400129,DT.* PR.* DT.* NN.*
400130,CC.* DT.* NN.* PM.*
400131,PR.* LM DT.* NN.*
400132,RB.* VB.* CC.* VB.*
400133,VB.* CC.* VB.* RB.*
400134,CC.* VB.* RB.* CC.*
400135,VB.* RB.* CC.* NN.*
400136,VB.* PR.* CC.* RB.*
400137,PR.* CC.* RB.* VB.*
400138,PR.* NN.* CC.* PR.*
400139,NN.* CC.* PR.* NN.*_PM.*
400140,CC.* PR.* LM RB.*
400141,PR.* LM RB.* RB.*
400142,LM RB.* RB.* PR.*
400143,RB.* PR.* VB.* CC.*
400144,PR.* VB.* CC.* NN.*
400145,VB.* CC.* NN.* CC.*
400146,CC.* NN.* CC.* RB.*
400147,NN.* CC.* RB.* RB.*
400148,RB.* CC.* VB.* DT.*
400149,CC.* RB.* RB.* DT.*
400150,VB.* CC.* PR.* NN.*_PM.*
400151,PR.* CC.* PR.* NN.*_PM.*
400152,CC.* RB.* RB.* PR.*
400153,VB.* PR.* VB.* CC.*
400154,PR.* VB.* CC.* DT.*
400155,NN.* CC.* VB.* NN.*_PM.*
400156,DT.* NN.* CC.* VB.*
400157,VB.* CC.* VB.* DT.*
400158,DT.* DT.* NN.* LM
400159,DT.* NN.* LM RB.*
400160,NN.* LM RB.* VB.*
400161,RB.* VB.* CC.* DT.*
400162,VB.* CC.* DT.* NN.*_PM.*
400163,LM VB.* CC.* VB.*
400164,VB.* DT.* DT.* PR.*_PM.*
400165,NN.* CC.* NN.* PM.*
400166,DT.* PR.* NN.* CC.*
400167,DT.* VB.* NN.* CC.*
400168,DT.* NN.* CC.* NN.*_PM.*
400169,DT.* JJ.* CC.* NN.*
400170,DT.* NN.* LM VB.*
400171,NN.* LM VB.* CC.*
400172,LM VB.* CC.* NN.*
400173,CC.* VB.* CC.* NN.*_PM.*
400174,NN.* DT.* NN.* NN.*
400175,NN.* VB.* CC.* CC.*
400176,CC.* CC.* PM.* NN.*
400177,CC.* VB.* PR.* LM
400178,NN.* CC.* DT.* NN.*
400179,CC.* DT.* NN.* NN.*_PM.*
400180,CC.* NN.* PM.* NN.*
400181,NN.* PM.* NN.* LM
400182,PM.* NN.* LM VB.*
400183,VB.* CC.* NN.* RB.*
400184,RB.* CC.* NN.* RB.*
400185,CC.* NN.* RB.* RB.*
400186,NN.* RB.* RB.* VB.*
400187,DT.* DT.* NN.* PM.*
400188,DT.* NN.* PM.* NN.*
400189,NN.* PM.* NN.* CC.*
400190,PM.* NN.* CC.* DT.*
400191,RB.* RB.* CC.* NN.*
400192,RB.* CC.* NN.* DT.*
400193,CC.* NN.* NN.* PM.*
400194,JJ.* CC.* NN.* CC.*
400195,NN.* CC.* VB.* DT.*
400196,CC.* VB.* DT.* NN.*
400197,DT.* NN.* NN.* PM.*
400198,NN.* PM.* NN.* VB.*
400199,PM.* NN.* VB.* CC.*
400200,PR.* DT.* VB.* CC.*
400201,DT.* VB.* CC.* VB.*
400202,VB.* CC.* VB.* PR.*
400203,PR.* PR.* NN.* NN.*
400204,PR.* NN.* NN.* PM.*
400205,PM.* NN.* CC.* PR.*
400206,NN.* CC.* PR.* DT.*
400207,CC.* NN.* CC.* PR.*
400208,NN.* CC.* PR.* JJ.*
400209,CC.* PR.* JJ.* CC.*
400210,RB.* VB.* DT.* FW
400211,DT.* JJ.* PM.* JJ.*
400212,JJ.* NN.* CC.* NN.*
400213,JJ.* NN.* CC.* NN.*_PM.*
400418,"JJ.* NN.* sa histograpiya,"
400419,JJ.* NN.* sa histograpiya
400214,VB.* DT.* NN.* PM.*
400215,CC.* VB.* CC.* PR.*
400216,VB.* CC.* PR.* JJ.*
400420,"VB.* ng isang napaka-kumplikado,"
400421,VB.* ng isang napaka-kumplikado
400217,RB.* PR.* VB.* DT.*
400218,DT.* NN.* VB.* CC.*
400219,VB.* DT.* NN.* VB.*
400220,JJ.* CC.* VB.* CC.*
400221,CC.* CC.* DT.* NN.*_PM.*
400222,NN.* RB.* RB.* DT.*
400223,DT.* VB.* CC.* DT.*
400224,DT.* NN.* CC.* JJ.*
400225,FW DT.* NN.* CC.*
400226,DT.* DT.* NN.* VB.*
400227,CC.* PR.* JJ.* NN.*
400228,VB.* RB.* PR.* VB.*
400229,NN.* DT.* PR.* NN.*
400230,RB.* RB.* DT.* PR.*
400231,PR.* CC.* DT.* NN.*
400232,CC.* VB.* DT.* JJ.*
400233,VB.* DT.* JJ.* CC.*
400234,DT.* JJ.* CC.* VB.*
400235,PR.* JJ.* NN.* DT.*
400236,JJ.* NN.* DT.* VB.*
400237,PR.* DT.* NN.* LM
400238,RB.* VB.* CC.* PR.*
400239,VB.* CC.* DT.* JJ.*
400422,VB.* ng mga pinaka-magkakaibang
400240,CC.* NN.* CC.* JJ.*
400241,CC.* CC.* VB.* DT.*
400242,DT.* NN.* LM CC.*
400243,CC.* JJ.* NN.* CC.*
400244,LM VB.* CC.* JJ.*
400245,CD.* NN.* DT.* NN.*
400246,NN.* DT.* NN.* CC.*
400247,CC.* NN.* NN.* CD.*
400248,NN.* DT.* NN.* PR.*
400249,PR.* CC.* PR.* NN.*
400250,CC.* FW CC.* VB.*
400251,CCT NNC CCB DTCP
400252,VBOF DTC DTCP NNC
400253,DTC DTCP NNC CCT
400254,CCB DTCP NNC CCT
400255,RBK RBQ VBW DTC
400256,RBQ VBW DTC DTCP
400257,NNC CCB DTCP NNC_PMC
400258,DTC CCR PMS JJD
400423,DTC pag-kakahiwahiwalay ng mga
400259,CCR PMS JJD CCB
400424,pag-kakahiwahiwalay ng mga CCB
400260,VBAF CCT CDB NNC
400261,VBW DTC NNC CCB
400262,RBK RBQ DTC VBTR
400263,CCB NNC PRO CCT
400264,PRI PRO_CCP NNC CCP
400265,JJD CCP VBOF DTC
400266,DTC PRI CCT DTCP
400267,VBTS PRS CCB NNC
400268,DTC NNC CCP PRO
400269,CCR VBS LM VBTF
400270,VBS LM VBTF PRP
400271,CCR PMS NNC CCB
400272,NNC CCP PRO LM
400273,LM RBF RBI PRS
400274,VBS RBI DTP NNP
400275,CCR VBTR PRS CCB
400276,VBTR PRS CCB NNP_PMC
400277,VBS PRS_CCP VBAF CCB
400278,PRS_CCP VBAF CCB DTCP
400279,VBAF CCB DTCP NNC
400280,CCT NNC CCB VBN_CCP
400281,NNC CCB VBN_CCP NNC_PMP
400282,DTCP NNC CCP VBOF
400283,DTC DTCP NNC LM
400284,DTCP NNC LM RBM
400285,NNC LM RBM VBAF
400286,LM RBM VBAF CCT
400287,VBOF DTC PRI_CCP NNC
400288,CCT DTCP NNC CCB
400289,DTC NNC LM VBTR
400290,NNC LM VBTR CCB
400291,CCB NNC_CCP PMS NNC
400292,NNC_CCP PMS NNC LM
400293,RBK RBQ VBOF DTC
400294,CCT NNC RBK RBQ
400295,NNC RBK RBQ VBOF
400296,DTC DTCP NNC_CCP PMS
400297,DTCP NNC_CCP PMS NNC
400298,NNC_CCP PMS NNC CCT
400299,PMS NNC CCT DTCP
400300,CCT NNC NNC_CCP PMS
400301,DTC JJCS_JJD CCP NNC
400302,JJCS_JJD CCP NNC CCB
400303,CCB VBOF DTC NNC
400304,DTC NNC NNC_CCP PMS
400305,NNC_CCP PMS NNC VBW
400306,PMS NNC VBW CCT
400307,VBH PRS_CCP PRI_CCP NNC
400308,PRS_CCP PRI_CCP NNC NNC_CCP
400309,PRI_CCP NNC NNC_CCP PMS
400310,PMS NNC CCT PRSP_CCP
400311,NNC CCT PRSP_CCP DTCP
400312,CCT PRSP_CCP DTCP NNC
400313,NNC CCB NNC_CCP PMS
400314,JJD CCP NNC CCT
400315,DTC JJCS PMS JJD_CCP
400316,JJCS_JJD_CCP NNC CCB NNC_PMC
400317,DTCP NNC CCT PRSP_CCP
400318,RBK RBQ VBTF DTC
400319,RBQ VBTF DTC NNC
400320,NNC LM RBM VBW
400321,DTC NNC CCB NNC_PMC
400322,CCT CCT DTCP NNC_PMP
400323,NNC RBK RBQ DTC
400324,NNC CCT CCT PRI_CCP
400325,CCB PRI_CCP NNC CCP
400326,CCB VBW DTC JJCS_JJD
400327,VBW DTC JJCS_JJD CCP
400328,DTC JJCS_JJD CCP VBAF
400329,JJCS_JJD CCP VBAF CCP
400330,CCP VBAF CCP NNC_PMC
400331,DTC NNC CCT NNC_PMP
400332,PRI_CCP JJD_CCP NNC DTC
400333,CCB PRSP_CCP DTCP NNC
400334,VBH PRO_CCP DTCP NNC
400335,PRO_CCP DTCP NNC CCP
400336,CDB NNPA DTCP NNC
400337,NNPA DTCP NNC CCB
400338,CCB NNC NNPA CDB
400339,CC.* NN.* CCB DTCP
400340,VB.* DT.* DTCP NNC
400341,DT.* DT.* NNC CCT
400342,CC.* DT.* NNC CCT
400343,RB.* RB.* VB.* DTC
400344,RB.* VB.* DTC DTCP
400345,NN.* CC.* DTCP NNC_PMC
400346,DT.* CCR PM.* JJD
400347,CC.* PMS JJD CCB
400348,VB.* CC.* CDB NNC
400349,VB.* DT.* NNC CCB
400350,RB.* RB.* DT.* VBTR
400351,CC.* NN.* PRO CCT
400352,PR.* PR.* NN.* CCP
400353,JJ.* CCP VB.* DTC
400354,DT.* PRI CCT DTCP
400355,VB.* PR.* CCB NNC
400356,DT.* NN.* CC.* PRO
400357,CC.* VB.* LM VBTF
400358,VB.* LM VB.* PRP
400359,CC.* PMS NNC CCB
400360,LM RBF RB.* PRS
400361,VB.* RB.* DT.* NNP
400362,CC.* VB.* PR.* CCB
400363,VB.* PR.* CCB NNP_PMC
400364,VB.* PR.* VBAF CCB
400365,PR.* VBAF CCB DTCP
400366,VB.* CC.* DTCP NNC
400367,CC.* NN.* CCB VBN_CCP
400368,NN.* CC.* VBN_CCP NNC_PMP
400369,DT.* NN.* CC.* VBOF
400370,DT.* DT.* NNC LM
400371,DT.* NNC LM RBM
400372,NN.* LM RBM VBAF
400373,VB.* DTC PRI_CCP NNC
400374,CC.* DT.* NNC CCB
400375,DT.* NNC LM VBTR
400376,NN.* LM VBTR CCB
400377,CC.* NN.* PMS NNC
400378,NN.* PM.* NNC LM
400380,CC.* NN.* RB.* RBQ
400381,NN.* RB.* RB.* VBOF
400382,DT.* DTCP NNC_CCP PMS
400383,DT.* NN.* PMS NNC
400384,NN.* PM.* NNC CCT
400385,PM.* NN.* CC.* DTCP
400386,CC.* NN.* NNC_CCP PMS
400387,JJ.* CC.* NNC CCB
400388,CC.* VB.* DTC NNC
400389,DT.* NNC NNC_CCP PMS
400390,NN.* PM.* NNC VBW
400391,PM.* NN.* VB.* CCT
400392,VB.* PRS_CCP PRI_CCP NNC
400393,PR.* PR.* NNC NNC_CCP
400394,PR.* NN.* NNC_CCP PMS
400395,PM.* NNC CC.* PRSP_CCP
400396,NN.* CC.* PRSP_CCP DTCP
400397,CC.* PR.* DTCP NNC
400398,NN.* CC.* NNC_CCP PMS
400399,JJ.* CCP NN.* CCT
400400,DT.* JJCS PMS JJD_CCP
400401,JJ.* NN.* CCB NNC_PMC
400402,CC.* CC.* DTCP NNC_PMP
400403,NN.* RB.* RB.* DTC
400404,CC.* PR.* NNC CCP
400405,CCB VB.* DTC JJCS_JJD
400406,CC.* VB.* CCP NNC_PMC
400407,DT.* NN.* CC.* NNC_PMP
400408,PR.* JJD_CCP NNC DTC
400410,VB.* PR.* DTCP NNC
400411,PR.* DT.* NN.* CCP
400412,CD.* NN.* DT.* NNC
400413,NN.* DT.* NNC CCB
400414,CC.* NN.* NN.* CDB
500001,CC.* CC.* NN.* CC.* DT.*
500002,CC.* NN.* CC.* DT.* NN.*
500003,DT.* NN.* VB.* RB.* CC.*
500004,VB.* RB.* CC.* DT.* NN.*
500005,RB.* CC.* DT.* NN.* CC.*
500006,JJ.* CC.* VB.* DT.* DT.*
500007,CC.* VB.* DT.* DT.* NN.*
500008,VB.* DT.* DT.* NN.* CC.*
500009,DT.* DT.* NN.* CC.* PR.*
500010,DT.* NN.* CC.* PR.* NN.*
500011,NN.* CC.* PR.* NN.* CC.*
500012,NN.* CC.* VB.* CC.* DT.*
500013,CC.* VB.* CC.* DT.* NN.*
500014,VB.* CC.* DT.* NN.* CC.*
500015,CC.* DT.* NN.* CC.* NN.*
500016,DT.* NN.* CC.* NN.* CC.*
500017,RB.* RB.* VB.* DT.* DT.*
500018,RB.* VB.* DT.* DT.* NN.*
500273,RB.* naglipana ang mga singkit
500019,PR.* CC.* NN.* CC.* VB.*
500020,CC.* NN.* CC.* VB.* CC.*
500021,DT.* CC.* PM.* JJ.* CC.*
500274,DT.* pag-kakahiwahiwalay ng mga CC.*
500022,CC.* PR.* DT.* NN.* JJ.*
500023,JJ.* CC.* NN.* CC.* VB.*
500024,VB.* CC.* CD.* NN.* CC.*
500025,VB.* RB.* DT.* NN.* CC.*
500026,CC.* RB.* RB.* CC.* NN.*
500027,VB.* PR.* CC.* JJ.* CC.*
500028,PR.* CC.* JJ.* CC.* NN.*_PM.*
500029,VB.* PR.* DT.* NN.* CC.*
500030,PR.* DT.* NN.* CC.* NN.*
500031,PR.* RB.* RB.* DT.* VB.*
500032,RB.* RB.* DT.* VB.* PR.*_PM.*
500033,JJ.* CC.* NN.* PR.* CC.*
500275,JJ.* ko sa PR.* (tumawa).
500034,CC.* NN.* RB.* CC.* NN.*
500035,CC.* VB.* PR.* DT.* NN.*
500036,VB.* PR.* DT.* NN.* RB.*
500037,DT.* PR.* NN.* DT.* VB.*
500038,PR.* NN.* DT.* VB.* CC.*
500039,CC.* VB.* DT.* PR.* CC.*
500040,VB.* DT.* PR.* CC.* DT.*
500041,CC.* CC.* VB.* PR.* CC.*
500042,CC.* VB.* PR.* CC.* NN.*
500043,PR.* JJ.* CC.* NN.* CC.*
500044,CC.* PR.* DT.* NN.* CC.*
500045,PR.* DT.* NN.* CC.* PR.*
500046,NN.* CC.* PR.* CC.* DT.*
500047,CC.* VB.* LM VB.* PR.*
500048,CC.* RB.* VB.* CC.* PR.*_PM.*
500049,VB.* PR.* CC.* NN.* PR.*_PM.*
500276,VB.* siya ng simpatya rito.
500050,CC.* PR.* LM VB.* RB.*
500051,RB.* RB.* CC.* VB.* CC.*
500052,PR.* LM VB.* CC.* VB.*
500053,LM VB.* CC.* VB.* JJ.*
500054,VB.* CC.* PR.* NN.* CC.*
500055,CC.* PR.* NN.* CC.* CC.*
500056,PR.* NN.* CC.* CC.* PR.*
500057,NN.* CC.* CC.* PR.* LM
500058,DT.* NN.* CC.* PR.* LM
500059,VB.* PR.* CC.* RB.* VB.*
500060,PR.* CC.* RB.* VB.* DT.*
500061,CC.* CC.* PR.* LM RB.*
500062,CC.* PR.* LM RB.* RB.*
500063,PR.* LM RB.* RB.* PR.*
500064,RB.* RB.* PR.* VB.* CC.*
500065,RB.* PR.* VB.* CC.* NN.*
500066,PR.* VB.* CC.* NN.* CC.*
500067,CC.* NN.* CC.* RB.* RB.*
500068,RB.* PR.* VB.* CC.* VB.*
500069,NN.* CC.* RB.* RB.* PR.*
500070,CC.* RB.* RB.* PR.* VB.*
500071,VB.* CC.* VB.* DT.* PR.*
500072,CC.* VB.* PR.* CC.* NN.*_PM.*
500073,VB.* PR.* VB.* CC.* DT.*
500074,PR.* VB.* CC.* DT.* NN.*
500075,NN.* CC.* NN.* CC.* VB.*
500076,CC.* NN.* CC.* VB.* NN.*_PM.*
500077,DT.* NN.* CC.* VB.* CC.*
500078,DT.* NN.* LM RB.* VB.*
500079,NN.* LM RB.* VB.* CC.*
500080,DT.* PR.* NN.* CC.* NN.*
500081,NN.* CC.* NN.* CC.* DT.*
500082,CC.* DT.* NN.* CC.* NN.*_PM.*
500083,CC.* DT.* NN.* LM VB.*
500084,DT.* NN.* LM VB.* CC.*
500085,VB.* CC.* NN.* CC.* NN.*
500086,CC.* DT.* NN.* CC.* DT.*
500087,DT.* NN.* CC.* DT.* NN.*
500088,NN.* CC.* DT.* NN.* NN.*_PM.*
500089,CC.* NN.* PM.* NN.* LM
500090,CC.* NN.* RB.* RB.* VB.*
500091,NN.* RB.* RB.* VB.* DT.*
500092,VB.* DT.* DT.* NN.* PM.*
500093,DT.* NN.* PM.* NN.* CC.*
500094,NN.* PM.* NN.* CC.* DT.*
500095,PM.* NN.* CC.* DT.* NN.*
500096,NN.* CC.* DT.* NN.* CC.*
500277,NN.* sa mga tsekwa na
500097,RB.* RB.* CC.* NN.* DT.*
500098,RB.* CC.* NN.* DT.* NN.*
500099,DT.* NN.* CC.* NN.* NN.*
500100,NN.* CC.* NN.* NN.* PM.*
500101,CC.* NN.* NN.* PM.* NN.*
500102,DT.* JJ.* CC.* NN.* CC.*
500103,NN.* CC.* VB.* DT.* NN.*
500278,NN.* na malabanan ang araw-
500104,DT.* NN.* NN.* PM.* NN.*
500279,DT.* sa aking mga paa.
500105,JJ.* CC.* NN.* CC.* CC.*
500106,NN.* PM.* NN.* CC.* NN.*
500107,DT.* NN.* CC.* NN.* PR.*
500108,NN.* NN.* PM.* NN.* VB.*
500280,NN.* halamang-singaw PM.* Paunang VB.*
500109,NN.* PM.* NN.* VB.* CC.*
500110,DT.* VB.* CC.* VB.* PR.*
500111,VB.* PR.* PR.* NN.* NN.*
500112,PR.* PR.* NN.* NN.* PM.*
500113,PR.* NN.* NN.* PM.* NN.*
500114,NN.* NN.* PM.* NN.* CC.*
500115,NN.* PM.* NN.* CC.* PR.*
500116,PM.* NN.* CC.* PR.* DT.*
500117,NN.* CC.* PR.* DT.* NN.*
500118,NN.* NN.* PM.* NN.* LM
500119,NN.* CC.* NN.* PM.* NN.*
500120,CC.* NN.* PM.* NN.* CC.*
500121,CC.* DT.* NN.* NN.* NN.*
500122,DT.* NN.* NN.* NN.* PM.*
500123,CC.* NN.* CC.* NN.* PM.*
500124,JJ.* NN.* CC.* NN.* PM.*
500125,PM.* NN.* CC.* NN.* RB.*
500126,NN.* CC.* NN.* RB.* RB.*
500127,CC.* VB.* CC.* NN.* CC.*
500128,DT.* NN.* VB.* CC.* NN.*
500129,VB.* RB.* RB.* VB.* DT.*
500130,RB.* RB.* VB.* DT.* NN.*
500131,CC.* DT.* NN.* CC.* VB.*
500132,DT.* NN.* CC.* VB.* DT.*
500133,CC.* VB.* DT.* NN.* PM.*
500134,JJ.* CC.* VB.* CC.* DT.*
500135,VB.* CC.* CC.* DT.* NN.*_PM.*
500136,DT.* VB.* CC.* DT.* NN.*
500137,RB.* VB.* DT.* NN.* CC.*
500138,CC.* VB.* DT.* JJ.* CC.*
500139,VB.* DT.* JJ.* CC.* VB.*
500140,DT.* JJ.* CC.* VB.* CC.*
500141,JJ.* CC.* VB.* CC.* NN.*_PM.*
500281,"JJ.* na VB.* na densidad,"
500282,JJ.* na VB.* na densidad
500142,PR.* JJ.* NN.* DT.* VB.*
500143,JJ.* NN.* DT.* VB.* CC.*
500144,RB.* VB.* CC.* PR.* JJ.*
500283,"RB.* VB.* ng isang napaka-kumplikado,"
500284,RB.* VB.* ng isang napaka-kumplikado
500145,VB.* CC.* DT.* NN.* LM
500146,PR.* DT.* NN.* CC.* VB.*
500147,NN.* CC.* JJ.* NN.* CC.*
500148,NN.* LM VB.* CC.* JJ.*
500149,NN.* CD.* NN.* DT.* NN.*
500285,NN.* (1) NN.* (24) NN.*
500150,CD.* NN.* DT.* NN.* CC.*
500286,CD.* NN.* DT.* NN.* CC.*
500151,NN.* DT.* NN.* CC.* NN.*
500287,NN.* (24) NN.* CC.* (1.
500152,NN.* CC.* NN.* NN.* CD.*
500288,NN.* (5) mga halimbawa ng
500153,CC.* NN.* NN.* CD.* NN.*
500289,CC.* (8) NN.* (1) NN.*
500154,NN.* NN.* CD.* NN.* DT.*
500155,NN.* CC.* NN.* PR.* CC.*
500156,DT.* NN.* DT.* NN.* PR.*
500157,VB.* PR.* CC.* PR.* NN.*
500158,PR.* CC.* PR.* NN.* CC.*
500159,CCT CCT NNC CCB DTCP
500160,CCT NNC CCB DTCP NNC
500161,CCB DTCP NNC CCT NNC
500162,DTCP NNC CCT NNC CCB
500163,RBK RBQ VBW DTC DTCP
500164,DTC CCR PMS JJD CCB
500290,DTC pag-kakahiwahiwalay ng mga CCB
500165,CCR VBS LM VBTF PRP
500166,DTC NNC CCP PRO LM
500167,CCR VBTR PRS CCB NNP_PMC
500168,VBS PRS_CCP VBAF CCB DTCP
500169,PRS_CCP VBAF CCB DTCP NNC
500170,VBAF CCB DTCP NNC CCB
500171,DTCP NNC CCB NNC CCT
500172,NNC CCT NNC CCB VBN_CCP
500173,CCT NNC CCB VBN_CCP NNC_PMP
500174,NNC LM RBM VBAF CCT
500175,NNC CCT NNC CCB DTCP
500176,DTC NNC LM VBTR CCB
500177,CCB NNC_CCP PMS NNC LM
500178,CCT NNC RBK RBQ VBOF
500179,DTCP NNC_CCP PMS NNC CCT
500180,NNC_CCP PMS NNC CCT DTCP
500181,PMS NNC CCT DTCP NNC
500182,NNC CCT DTCP NNC CCB
500183,CCT DTCP NNC CCB DTCP
500184,NNC CCT NNC NNC_CCP PMS
500185,CCT NNC NNC_CCP PMS NNC
500186,NNC_CCP PMS NNC CCT NNC
500187,NNC NNC_CCP PMS NNC VBW
500291,NNC halamang-singaw PMS Paunang VBW
500188,NNC_CCP PMS NNC VBW CCT
500189,VBH PRS_CCP PRI_CCP NNC NNC_CCP
500190,PRS_CCP PRI_CCP NNC NNC_CCP PMS
500191,PRI_CCP NNC NNC_CCP PMS NNC
500192,NNC NNC_CCP PMS NNC CCT
500193,NNC_CCP PMS NNC CCT PRSP_CCP
500194,PMS NNC CCT PRSP_CCP DTCP
500195,NNC CCT PRSP_CCP DTCP NNC
500196,NNC NNC_CCP PMS NNC LM
500197,NNC CCB NNC_CCP PMS NNC
500198,CCB NNC_CCP PMS NNC CCT
500199,DTCP NNC NNC NNC_CCP PMS
500200,JJD CCP NNC CCT CCT
500201,PMS NNC CCT NNC RBK
500202,NNC CCT NNC RBK RBQ
500203,RBK RBQ VBTF DTC NNC
500204,VBW CCT CCT DTCP NNC_PMP
500205,CCB VBW DTC JJCS_JJD CCP
500206,VBW DTC JJCS_JJD CCP VBAF
500207,DTC JJCS_JJD CCP VBAF CCP
500208,JJCS_JJD CCP VBAF CCP NNC_PMC
500292,"JJCS_JJD na VBAF na densidad,"
500293,JJCS_JJD na VBAF na densidad
500209,VBH PRO_CCP DTCP NNC CCP
500210,NNPA CDB NNPA DTCP NNC
500294,NNPA (1) NNPA (24) NNC
500211,CDB NNPA DTCP NNC CCB
500295,CDB NNPA DTCP NNC CCB
500212,NNPA DTCP NNC CCB NNC
500296,NNPA (24) NNC CCB (1.
500213,DTCP NNC CCB NNC NNPA
500214,NNC CCB NNC NNPA CDB
500297,NNC (5) mga halimbawa ng
500215,CCB NNC NNPA CDB NNPA
500298,CCB (8) NNPA (1) NNPA
500216,NNC NNPA CDB NNPA DTCP
500217,CC.* CC.* NNC CCB DTCP
500218,CC.* NN.* CCB DTCP NNC
500219,CC.* DT.* NNC CC.* NNC
500220,DT.* NN.* CCT NNC CCB
500221,RB.* RB.* VB.* DTC DTCP
500222,DT.* CCR PM.* JJD CCB
500299,DT.* pag-kakahiwahiwalay ng mga CCB
500223,CC.* VB.* LM VBTF PRP
500224,DT.* NN.* CC.* PRO LM
500225,CC.* VBTR PRS CCB NNP_PMC
500226,VB.* PRS_CCP VBAF CCB DTCP
500227,PR.* VB.* CCB DTCP NNC
500228,VB.* CC.* DTCP NNC CCB
500229,DT.* NN.* CCB NNC CCT
500230,NN.* CC.* NNC CCB VBN_CCP
500231,CC.* NN.* CCB VBN_CCP NNC_PMP
500232,NN.* LM RBM VBAF CCT
500233,NN.* CC.* NNC CCB DTCP
500234,DT.* NN.* LM VBTR CCB
500235,CC.* NN.* PMS NNC LM
500236,CC.* NN.* RB.* RBQ VBOF
500237,DT.* NN.* PMS NNC CCT
500238,NN.* PM.* NNC CCT DTCP
500239,PM.* NN.* CCT DTCP NNC
500240,NN.* CC.* DTCP NNC CCB
500241,CC.* DT.* NNC CCB DTCP
500242,NN.* CC.* NNC NNC_CCP PMS
500243,CC.* NN.* NNC_CCP PMS NNC
500244,NN.* PM.* NNC CCT NNC
500245,NN.* NN.* PMS NNC VBW
500300,NN.* halamang-singaw PMS Paunang VBW
500246,NN.* PM.* NNC VBW CCT
500247,VB.* PR.* PRI_CCP NNC NNC_CCP
500248,PR.* PR.* NNC NNC_CCP PMS
500249,PR.* NN.* NNC_CCP PM.* NNC
500250,NN.* NN.* PMS NNC CCT
500251,NN.* PM.* NNC CCT PRSP_CCP
500252,PM.* NNC CCT PRSP_CCP DTCP
500253,NN.* CC.* PRSP_CCP DTCP NNC
500254,NN.* NN.* PMS NN.* LM
500255,NN.* CC.* NNC_CCP PMS NNC
500256,CC.* NN.* PMS NNC CCT
500257,DT.* NN.* NNC NNC_CCP PMS
500258,JJ.* CCP NN.* CCT CCT
500259,PM.* NN.* CC.* NNC RBK
500260,NN.* CC.* NN.* RBK RBQ
500261,RB.* RB.* VB.* DTC NNC
500262,VB.* CC.* CCT DTCP NNC_PMP
500263,CCB VB.* DTC JJCS_JJD CCP
500264,VB.* PR.* DTCP NNC CCP
500265,NN.* CD.* NN.* DTCP NNC
500301,NN.* (1) NN.* (24) NNC
500266,CD.* NN.* DTCP NNC CCB
500302,CD.* NN.* DTCP NNC CCB
500267,NN.* DT.* NNC CCB NNC
500303,NN.* (24) NNC CCB (1.
500268,DT.* NN.* CCB NNC NNPA
500269,NN.* CC.* NNC NNPA CDB
500270,CC.* NN.* NN.* CDB NNPA
500304,CC.* (8) NN.* (1) NNPA
500271,NN.* NN.* CD.* NNPA DTCP
600001,CC.* CC.* NN.* CC.* DT.* NN.*
600002,JJ.* CC.* VB.* DT.* DT.* NN.*
600003,VB.* DT.* DT.* NN.* CC.* PR.*
600164,VB.* ang mga singkit sa kanilang
600004,DT.* NN.* CC.* PR.* NN.* CC.*
600005,NN.* CC.* VB.* CC.* DT.* NN.*
600006,CC.* VB.* CC.* DT.* NN.* CC.*
600007,VB.* CC.* DT.* NN.* CC.* NN.*
600008,CC.* DT.* NN.* CC.* NN.* CC.*
600009,DT.* NN.* CC.* NN.* CC.* NN.*_PM.*
600010,RB.* RB.* VB.* DT.* DT.* NN.*
600165,RB.* ang mga halamang-singaw sa NN.*
600011,RB.* VB.* DT.* DT.* NN.* CC.*
600166,RB.* naglipana ang mga singkit sa
600012,NN.* CC.* CC.* NN.* CC.* DT.*
600013,JJ.* CC.* NN.* CC.* VB.* CC.*
600014,PR.* RB.* RB.* DT.* VB.* PR.*_PM.*
600015,DT.* PR.* NN.* DT.* VB.* CC.*
600016,CC.* VB.* DT.* PR.* CC.* DT.*
600017,CC.* CC.* VB.* PR.* CC.* NN.*
600018,CC.* PR.* DT.* NN.* CC.* PR.*
600019,PR.* LM VB.* CC.* VB.* JJ.*
600020,VB.* CC.* PR.* NN.* CC.* CC.*
600021,PR.* NN.* CC.* CC.* PR.* LM
600022,VB.* PR.* CC.* RB.* VB.* DT.*
600167,VB.* PR.* na RB.* naglipana ang
600023,CC.* CC.* PR.* LM RB.* RB.*
600024,CC.* PR.* LM RB.* RB.* PR.*
600025,RB.* PR.* VB.* CC.* NN.* CC.*
600026,RB.* RB.* PR.* VB.* CC.* VB.*
600168,RB.* siya nagseselos kasi alam VB.*
600027,NN.* CC.* RB.* RB.* PR.* VB.*
600028,VB.* PR.* VB.* CC.* DT.* NN.*
600029,PR.* VB.* CC.* DT.* NN.* CC.*
600030,DT.* NN.* CC.* NN.* CC.* NN.*
600031,CC.* NN.* CC.* NN.* CC.* VB.*
600032,NN.* CC.* NN.* CC.* VB.* NN.*_PM.*
600033,DT.* NN.* CC.* VB.* CC.* DT.*
600034,DT.* NN.* LM RB.* VB.* CC.*
600035,CC.* DT.* NN.* LM VB.* CC.*
600036,VB.* CC.* NN.* CC.* NN.* CC.*
600037,CC.* DT.* NN.* CC.* DT.* NN.*
600169,CC.* ng mga kamay DT.* halamang-singaw
600038,DT.* NN.* CC.* DT.* NN.* NN.*_PM.*
600039,CC.* NN.* RB.* RB.* VB.* DT.*
600040,NN.* RB.* RB.* VB.* DT.* DT.*
600041,RB.* VB.* DT.* DT.* NN.* PM.*
600170,"RB.* mga halamang-singaw sa NN.* forum,"
600042,NN.* PM.* NN.* CC.* DT.* NN.*
600171,NN.* sa mga kamay DT.* NN.*
600043,PM.* NN.* CC.* DT.* NN.* CC.*
600044,NN.* CC.* DT.* NN.* CC.* DT.*
600045,RB.* RB.* CC.* NN.* DT.* NN.*
600046,NN.* DT.* NN.* CC.* NN.* NN.*
600047,NN.* CC.* NN.* NN.* PM.* NN.*
600172,NN.* sa NN.* halamang-singaw ang NN.*
600173,NN.* sa NN.* halamang-singaw kit para
600048,DT.* JJ.* CC.* NN.* CC.* CC.*
600049,NN.* PM.* NN.* CC.* NN.* CC.*
600174,NN.* sa NN.* ng mga CC.*
600050,CC.* NN.* CC.* DT.* NN.* CC.*
600051,NN.* NN.* PM.* NN.* VB.* CC.*
600175,NN.* halamang-singaw PM.* sa mga bata
600176,NN.* halamang-singaw PM.* sa kanyang mga
600052,VB.* PR.* PR.* NN.* NN.* PM.*
600177,VB.* kang isang NN.* halamang-singaw sa
600053,PR.* PR.* NN.* NN.* PM.* NN.*
600178,PR.* halamang-singaw ay para lamang sa
600054,NN.* NN.* PM.* NN.* CC.* PR.*
600179,NN.* halamang-singaw sa aking mga PR.*
600055,NN.* PM.* NN.* CC.* PR.* DT.*
600180,NN.* sa kanyang mga PR.* DT.*
600056,PM.* NN.* CC.* PR.* DT.* NN.*
600057,NN.* CC.* NN.* PM.* NN.* CC.*
600181,NN.* ng halamang-singaw sa mga kamay
600182,NN.* sa NN.* kung paano CC.*
600183,NN.* sa NN.* ng mga tanong
600058,CC.* NN.* PM.* NN.* CC.* DT.*
600059,NN.* CC.* DT.* NN.* NN.* NN.*
600060,CC.* DT.* NN.* NN.* NN.* PM.*
600061,DT.* NN.* NN.* NN.* PM.* NN.*
600184,DT.* halamang-singaw sa iyong mga NN.*
600185,DT.* halamang-singaw NN.* NN.* PM.* Paggamot.
600062,JJ.* CC.* NN.* CC.* CC.* NN.*
600063,CC.* NN.* CC.* CC.* NN.* CC.*
600064,CC.* NN.* CC.* NN.* PM.* NN.*
600065,CC.* NN.* PM.* NN.* CC.* NN.*
600066,NN.* PM.* NN.* CC.* NN.* RB.*
600186,NN.* sa NN.* kung paano RB.*
600067,PM.* NN.* CC.* NN.* RB.* RB.*
600068,NN.* CC.* NN.* RB.* RB.* VB.*
600069,VB.* RB.* RB.* VB.* DT.* NN.*
600070,VB.* CC.* DT.* NN.* CC.* VB.*
600071,CC.* DT.* NN.* CC.* VB.* DT.*
600072,DT.* NN.* CC.* VB.* DT.* NN.*
600073,JJ.* CC.* VB.* CC.* DT.* NN.*
600074,RB.* RB.* VB.* DT.* NN.* CC.*
600075,CC.* VB.* DT.* JJ.* CC.* VB.*
600076,VB.* DT.* JJ.* CC.* VB.* CC.*
600077,DT.* JJ.* CC.* VB.* CC.* NN.*_PM.*
600187,"DT.* JJ.* na VB.* na densidad,"
600078,PR.* JJ.* NN.* DT.* VB.* CC.*
600079,VB.* PR.* DT.* NN.* CC.* VB.*
600080,PR.* DT.* NN.* CC.* VB.* CC.*
600081,NN.* CD.* NN.* DT.* NN.* CC.*
600188,NN.* mga halimbawa ng NN.* CC.*
600189,NN.* (5) mga halimbawa ng CC.*
600190,NN.* (1) NN.* (24) NN.* CC.*
600082,CD.* NN.* DT.* NN.* CC.* NN.*
600191,CD.* mga halimbawa ng CC.* NN.*
600083,DT.* NN.* CC.* NN.* NN.* CD.*
600192,DT.* mga halimbawa ng NN.* CD.*
600084,NN.* CC.* NN.* NN.* CD.* NN.*
600193,NN.* (5) mga halimbawa ng NN.*
600085,CC.* NN.* NN.* CD.* NN.* DT.*
600194,CC.* mga halimbawa ng NN.* DT.*
600195,CC.* (8) NN.* (1) NN.* (24)
600086,NN.* NN.* CD.* NN.* DT.* NN.*
600087,VB.* PR.* CC.* PR.* NN.* CC.*
600088,CCT CCT NNC CCB DTCP NNC
600089,NNC CCT CCT NNC CCB DTCP
600090,VBS PRS_CCP VBAF CCB DTCP NNC
600091,PRS_CCP VBAF CCB DTCP NNC CCB
600092,VBAF CCB DTCP NNC CCB NNC
600093,CCB DTCP NNC CCB NNC CCT
600094,DTCP NNC CCB NNC CCT NNC
600095,CCB NNC CCT NNC CCB VBN_CCP
600096,NNC CCT NNC CCB VBN_CCP NNC_PMP
600097,NNC_CCP PMS NNC CCT DTCP NNC
600196,NNC_CCP sa mga kamay DTCP NNC
600098,PMS NNC CCT DTCP NNC CCB
600099,NNC CCT DTCP NNC CCB DTCP
600100,CCT DTCP NNC CCB DTCP NNC
600197,CCT ng mga kamay DTCP halamang-singaw
600101,NNC CCT NNC NNC_CCP PMS NNC
600198,NNC sa NNC halamang-singaw ang NNC
600199,NNC sa NNC halamang-singaw kit para
600102,NNC NNC_CCP PMS NNC VBW CCT
600200,NNC halamang-singaw PMS sa mga bata
600201,NNC halamang-singaw PMS sa kanyang mga
600103,VBH PRS_CCP PRI_CCP NNC NNC_CCP PMS
600202,VBH kang isang NNC halamang-singaw sa
600104,PRS_CCP PRI_CCP NNC NNC_CCP PMS NNC
600203,PRS_CCP halamang-singaw ay para lamang sa
600105,NNC NNC_CCP PMS NNC CCT PRSP_CCP
600204,NNC halamang-singaw sa aking mga PRSP_CCP
600106,NNC_CCP PMS NNC CCT PRSP_CCP DTCP
600205,NNC_CCP sa kanyang mga PRSP_CCP DTCP
600107,PMS NNC CCT PRSP_CCP DTCP NNC
600108,NNC CCB NNC_CCP PMS NNC CCT
600206,NNC ng halamang-singaw sa mga kamay
600207,NNC sa NNC_CCP kung paano CCT
600109,CCB NNC_CCP PMS NNC CCT DTCP
600110,DTCP NNC NNC NNC_CCP PMS NNC
600208,DTCP halamang-singaw sa iyong mga NNC
600209,DTCP halamang-singaw NNC NNC_CCP PMS Paggamot.
600111,JJD CCP NNC CCT CCT NNC
600112,CCP NNC CCT CCT NNC CCB
600113,CCB NNC_CCP PMS NNC CCT NNC
600114,NNC_CCP PMS NNC CCT NNC RBK
600210,NNC_CCP sa NNC kung paano RBK
600115,PMS NNC CCT NNC RBK RBQ
600116,CCB VBW DTC JJCS_JJD CCP VBAF
600117,VBW DTC JJCS_JJD CCP VBAF CCP
600118,DTC JJCS_JJD CCP VBAF CCP NNC_PMC
600211,"DTC JJCS_JJD na VBAF na densidad,"
600119,NNPA CDB NNPA DTCP NNC CCB
600212,NNPA mga halimbawa ng NNC CCB
600213,NNPA (5) mga halimbawa ng CCB
600214,NNPA (1) NNPA (24) NNC CCB
600120,CDB NNPA DTCP NNC CCB NNC
600215,CDB mga halimbawa ng CCB NNC
600121,NNPA DTCP NNC CCB NNC NNPA
600122,DTCP NNC CCB NNC NNPA CDB
600216,DTCP mga halimbawa ng NNPA CDB
600123,NNC CCB NNC NNPA CDB NNPA
600217,NNC (5) mga halimbawa ng NNPA
600124,CCB NNC NNPA CDB NNPA DTCP
600218,CCB mga halimbawa ng NNPA DTCP
600219,CCB (8) NNPA (1) NNPA (24)
600125,NNC NNPA CDB NNPA DTCP NNC
600126,CC.* CC.* NNC CCB DTCP NN.*
600127,NN.* CC.* CCT NNC CCB DT.*
600128,VB.* PR.* VBAF CCB DTCP NN.*
600129,PR.* VB.* CCB DTCP NNC CC.*
600130,VB.* CC.* DTCP NNC CCB NN.*
600131,CC.* DT.* NNC CCB NNC CC.*
600132,DT.* NN.* CCB NNC CCT NN.*
600133,CC.* NN.* CCT NNC CCB VB.*
600134,NN.* CC.* NNC CCB VBN_CCP NN.*_PM.*
600135,NN.* PM.* NNC CCT DTCP NN.*
600220,NN.* sa mga kamay DTCP NN.*
600136,PM.* NN.* CCT DTCP NNC CC.*
600137,NN.* CC.* DTCP NNC CCB DT.*
600138,NN.* CC.* NNC NN.* PMS NNC
600221,NN.* sa NNC halamang-singaw ang NNC
600222,NN.* sa NNC halamang-singaw kit para
600139,NN.* NN.* PMS NNC VBW CCT
600223,NN.* halamang-singaw PMS sa mga bata
600224,NN.* halamang-singaw PMS sa kanyang mga
600140,VB.* PR.* PRI_CCP NNC NNC_CCP PM.*
600225,VB.* kang isang NNC halamang-singaw sa
600141,PR.* PR.* NNC NN.* PMS NNC
600142,NN.* NN.* PMS NNC CCT PRSP_CCP
600226,NN.* halamang-singaw sa aking mga PRSP_CCP
600143,NN.* PM.* NNC CCT PRSP_CCP DT.*
600227,NN.* sa kanyang mga PRSP_CCP DT.*
600144,PM.* NN.* CCT PRSP_CCP DTCP NN.*
600145,NN.* CC.* NNC_CCP PMS NNC CC.*
600228,NN.* sa NNC_CCP kung paano CC.*
600146,CC.* NN.* PMS NNC CCT DT.*
600147,DT.* NN.* NNC NN.* PMS NNC
600229,DT.* halamang-singaw sa iyong mga NNC
600230,DT.* halamang-singaw NNC NN.* PMS Paggamot.
600148,JJ.* CC.* NN.* CCT CCT NN.*
600149,CC.* NN.* CCT CCT NNC CC.*
600150,CC.* NN.* PMS NN.* CCT NNC
600151,NN.* PM.* NNC CCT NNC RB.*
600231,NN.* sa NNC kung paano RB.*
600152,PM.* NN.* CC.* NNC RBK RB.*
600153,CCB VBW DTC JJCS_JJD CCP VB.*
600154,VBW DTC JJCS_JJD CCP VBAF CC.*
600155,DTC JJCS_JJD CCP VBAF CCP NN.*_PM.*
600156,NN.* CD.* NNPA DTCP NNC CC.*
600232,NN.* mga halimbawa ng NNC CC.*
600233,NN.* (1) NNPA (24) NNC CC.*
600157,CD.* NN.* DTCP NNC CCB NN.*
600234,CD.* mga halimbawa ng CCB NN.*
600158,NN.* DT.* NNC CCB NNC NN.*
600159,DT.* NN.* CCB NNC NNPA CD.*
600235,DT.* mga halimbawa ng NNPA CD.*
600160,NN.* CC.* NNC NNPA CDB NN.*
600161,CC.* NN.* NN.* CDB NNPA DT.*
600236,CC.* mga halimbawa ng NNPA DT.*
600237,CC.* (8) NN.* (1) NNPA (24)
600162,NN.* NN.* CD.* NNPA DTCP NN.*
700001,NN.* CC.* VB.* CC.* DT.* NN.* CC.*
700002,VB.* CC.* DT.* NN.* CC.* NN.* CC.*
700096,VB.* ng mga NN.* sa loob ng
700003,CC.* CC.* PR.* LM RB.* RB.* PR.*
700004,VB.* PR.* VB.* CC.* DT.* NN.* CC.*
700005,PR.* VB.* CC.* DT.* NN.* CC.* NN.*
700006,CC.* DT.* NN.* CC.* NN.* CC.* NN.*
700097,CC.* sa NN.* ng pakikipag-usap sa NN.*
700007,DT.* NN.* CC.* NN.* CC.* NN.* CC.*
700008,NN.* CC.* NN.* CC.* NN.* CC.* VB.*
700009,CC.* NN.* CC.* NN.* CC.* VB.* NN.*_PM.*
700010,CC.* DT.* NN.* CC.* DT.* NN.* NN.*_PM.*
700098,"CC.* mga Larawan CC.* mga NN.* Bulalakaw,"
700099,CC.* mga Larawan ng mga NN.* Bulalakaw
700011,CC.* NN.* RB.* RB.* VB.* DT.* DT.*
700012,NN.* RB.* RB.* VB.* DT.* DT.* NN.*
700100,NN.* kung paano VB.* ang mga halamang-singaw
700101,NN.* RB.* ang mga halamang-singaw sa NN.*
700013,RB.* RB.* VB.* DT.* DT.* NN.* PM.*
700102,"RB.* ang mga halamang-singaw sa NN.* forum,"
700103,RB.* ang mga halamang-singaw sa NN.* PM.*
700014,NN.* PM.* NN.* CC.* DT.* NN.* CC.*
700104,NN.* sa mga CC.* ng mga CC.*
700105,NN.* sa mga CC.* ng mga kamay
700015,PM.* NN.* CC.* DT.* NN.* CC.* DT.*
700016,NN.* CC.* DT.* NN.* CC.* DT.* NN.*
700106,NN.* CC.* ng NN.* kamay DT.* halamang-singaw
700017,VB.* PR.* PR.* NN.* NN.* PM.* NN.*
700107,VB.* PR.* halamang-singaw ay para lamang sa
700018,NN.* NN.* PM.* NN.* CC.* PR.* DT.*
700019,NN.* PM.* NN.* CC.* PR.* DT.* NN.*
700108,NN.* sa aking mga PR.* Mayroon akong
700109,NN.* sa kanyang mga PR.* DT.* presyo
700020,NN.* CC.* NN.* PM.* NN.* CC.* DT.*
700110,NN.* ng halamang-singaw sa mga kamay DT.*
700021,CC.* NN.* PM.* NN.* CC.* DT.* NN.*
700111,CC.* halamang-singaw sa mga kamay DT.* halamang-singaw
700022,NN.* CC.* DT.* NN.* NN.* NN.* PM.*
700112,NN.* kamay DT.* halamang-singaw sa iyong PM.*
700113,NN.* kamay DT.* halamang-singaw NN.* NN.* PM.*
700023,CC.* DT.* NN.* NN.* NN.* PM.* NN.*
700114,CC.* DT.* halamang-singaw NN.* NN.* PM.* Paggamot.
700024,JJ.* CC.* NN.* CC.* CC.* NN.* CC.*
700115,JJ.* na NN.* para sa NN.* ng
700025,CC.* NN.* CC.* NN.* PM.* NN.* CC.*
700116,CC.* NN.* ng halamang-singaw PM.* mga kamay
700117,CC.* pakikipag-usap sa NN.* PM.* mga tanong
700026,CC.* NN.* PM.* NN.* CC.* NN.* RB.*
700118,CC.* halamang-singaw sa NN.* kung paano RB.*
700027,NN.* PM.* NN.* CC.* NN.* RB.* RB.*
700119,NN.* kung paano CC.* ang isang RB.*
700120,NN.* sa NN.* kung paano RB.* ang
700028,PM.* NN.* CC.* NN.* RB.* RB.* VB.*
700121,PM.* paano CC.* ang isang kuba kuko.
700029,VB.* CC.* DT.* NN.* CC.* VB.* DT.*
700030,CC.* DT.* NN.* CC.* VB.* DT.* NN.*
700031,CC.* VB.* DT.* JJ.* CC.* VB.* CC.*
700032,VB.* DT.* JJ.* CC.* VB.* CC.* NN.*_PM.*
700122,"VB.* ang JJ.* na VB.* na densidad,"
700123,VB.* ang JJ.* CC.* VB.* CC.* densidad
700033,VB.* PR.* DT.* NN.* CC.* VB.* CC.*
700124,VB.* itong mga alon na nagdudugtong ng
700034,NN.* CD.* NN.* DT.* NN.* CC.* NN.*
700125,NN.* mga halimbawa ng NN.* CC.* mga
700126,NN.* ng NN.* (5) mga CC.* ng
700127,NN.* (5) mga halimbawa ng CC.* (8)
700128,NN.* (1) NN.* (24) NN.* CC.* (1.
700035,CD.* NN.* DT.* NN.* CC.* NN.* NN.*
700129,CD.* halimbawa ng NN.* (5) NN.* halimbawa
700130,CD.* NN.* (5) mga halimbawa NN.* NN.*
700036,NN.* DT.* NN.* CC.* NN.* NN.* CD.*
700131,NN.* ng NN.* (5) mga NN.* ng
700132,NN.* (5) mga halimbawa ng NN.* (5)
700133,NN.* halimbawa ng CC.* (8) NN.* (1)
700037,DT.* NN.* CC.* NN.* NN.* CD.* NN.*
700134,DT.* NN.* (5) mga halimbawa CD.* NN.*
700135,DT.* mga halimbawa ng NN.* CD.* mga
700038,NN.* CC.* NN.* NN.* CD.* NN.* DT.*
700136,NN.* halimbawa ng NN.* (5) NN.* halimbawa
700137,NN.* CC.* (8) NN.* (1) NN.* (24)
700039,CC.* NN.* NN.* CD.* NN.* DT.* NN.*
700138,CC.* mga halimbawa ng NN.* DT.* mga
700139,CC.* ng NN.* (5) mga DT.* ng
700140,CC.* (8) NN.* (1) NN.* (24) NN.*
700040,NN.* NN.* CD.* NN.* DT.* NN.* CC.*
700141,NN.* NN.* (5) mga halimbawa NN.* CC.*
700142,NN.* NN.* CD.* NN.* DT.* NN.* CC.*
700041,VBS PRS_CCP VBAF CCB DTCP NNC CCB
700042,PRS_CCP VBAF CCB DTCP NNC CCB NNC
700043,VBAF CCB DTCP NNC CCB NNC CCT
700044,CCB DTCP NNC CCB NNC CCT NNC
700045,DTCP NNC CCB NNC CCT NNC CCB
700046,NNC CCB NNC CCT NNC CCB VBN_CCP
700047,CCB NNC CCT NNC CCB VBN_CCP NNC_PMP
700048,NNC_CCP PMS NNC CCT DTCP NNC CCB
700143,NNC_CCP sa mga CCT ng mga CCB
700144,NNC_CCP sa mga CCT ng mga kamay
700049,PMS NNC CCT DTCP NNC CCB DTCP
700050,NNC CCT DTCP NNC CCB DTCP NNC
700145,NNC CCT ng NNC kamay DTCP halamang-singaw
700051,VBH PRS_CCP PRI_CCP NNC NNC_CCP PMS NNC
700146,VBH PRS_CCP halamang-singaw ay para lamang sa
700052,NNC NNC_CCP PMS NNC CCT PRSP_CCP DTCP
700053,NNC_CCP PMS NNC CCT PRSP_CCP DTCP NNC
700147,NNC_CCP sa aking mga PRSP_CCP Mayroon akong
700148,NNC_CCP sa kanyang mga PRSP_CCP DTCP presyo
700054,NNC CCB NNC_CCP PMS NNC CCT DTCP
700149,NNC ng halamang-singaw sa mga kamay DTCP
700055,CCB NNC_CCP PMS NNC CCT DTCP NNC
700150,CCB halamang-singaw sa mga kamay DTCP halamang-singaw
700056,JJD CCP NNC CCT CCT NNC CCB
700151,JJD na NNC para sa NNC ng
700057,CCB NNC_CCP PMS NNC CCT NNC RBK
700152,CCB halamang-singaw sa NNC kung paano RBK
700058,NNC_CCP PMS NNC CCT NNC RBK RBQ
700153,NNC_CCP kung paano CCT ang isang RBQ
700154,NNC_CCP sa NNC kung paano RBK ang
700059,CCB VBW DTC JJCS_JJD CCP VBAF CCP
700060,VBW DTC JJCS_JJD CCP VBAF CCP NNC_PMC
700155,"VBW ang JJCS_JJD na VBAF na densidad,"
700156,VBW ang JJCS_JJD CCP VBAF CCP densidad
700061,NNPA CDB NNPA DTCP NNC CCB NNC
700157,NNPA mga halimbawa ng NNC CCB mga
700158,NNPA ng NNPA (5) mga CCB ng
700159,NNPA (5) mga halimbawa ng CCB (8)
700160,NNPA (1) NNPA (24) NNC CCB (1.
700062,CDB NNPA DTCP NNC CCB NNC NNPA
700161,CDB halimbawa ng NNC (5) NNC halimbawa
700162,CDB NNPA (5) mga halimbawa NNC NNPA
700063,NNPA DTCP NNC CCB NNC NNPA CDB
700163,NNPA ng NNC (5) mga NNPA ng
700164,NNPA (5) mga halimbawa ng NNPA (5)
700165,NNPA halimbawa ng CCB (8) NNPA (1)
700064,DTCP NNC CCB NNC NNPA CDB NNPA
700166,DTCP NNC (5) mga halimbawa CDB NNPA
700167,DTCP mga halimbawa ng NNPA CDB mga
700065,NNC CCB NNC NNPA CDB NNPA DTCP
700168,NNC (5) mga halimbawa ng NNPA (5)
700169,NNC halimbawa ng NNPA (5) NNPA halimbawa
700170,NNC CCB (8) NNPA (1) NNPA (24)
700066,CCB NNC NNPA CDB NNPA DTCP NNC
700171,CCB mga halimbawa ng NNPA DTCP mga
700172,CCB ng NNPA (5) mga DTCP ng
700173,CCB (8) NNPA (1) NNPA (24) NNC
700067,NNC NNPA CDB NNPA DTCP NNC CCB
700174,NNC halimbawa ng NNPA (5) NNC halimbawa
700175,NNC NNPA (5) mga halimbawa NNC CCB
700176,NNC NNPA CDB NNPA DTCP NNC CCB
700068,VB.* PR.* VBAF CCB DTCP NN.* CC.*
700069,PR.* VB.* CCB DTCP NNC CC.* NN.*
700070,VB.* CC.* DTCP NNC CCB NN.* CC.*
700071,CC.* DT.* NNC CCB NNC CC.* NN.*
700072,DT.* NN.* CCB NNC CCT NN.* CC.*
700073,NN.* CC.* NNC CCT NNC CC.* VB.*
700074,CC.* NN.* CCT NNC CCB VB.* NN.*_PM.*
700075,NN.* PM.* NNC CCT DTCP NN.* CC.*
700177,NN.* sa mga CCT ng mga CC.*
700178,NN.* sa mga CCT ng mga kamay
700076,PM.* NN.* CCT DTCP NNC CC.* DT.*
700077,NN.* CC.* DTCP NNC CCB DT.* NN.*
700179,NN.* CC.* ng NNC kamay DT.* halamang-singaw
700078,VB.* PR.* PRI_CCP NNC NNC_CCP PMS NN.*
700079,NN.* NN.* PMS NNC CCT PRSP_CCP DT.*
700080,NN.* PM.* NNC CCT PRSP_CCP DTCP NN.*
700180,NN.* sa aking mga PRSP_CCP Mayroon akong
700181,NN.* sa kanyang mga PRSP_CCP DTCP presyo
700081,NN.* CC.* NNC_CCP PMS NNC CC.* DT.*
700082,CC.* NN.* PMS NN.* CCT DTCP NN.*
700182,CC.* halamang-singaw sa mga kamay DTCP halamang-singaw
700083,JJ.* CC.* NNC CCT CCT NN.* CC.*
700183,JJ.* na NNC para sa NN.* ng
700084,CC.* NN.* PMS NN.* CCT NNC RB.*
700085,NN.* PM.* NNC CCT NNC RB.* RB.*
700184,NN.* kung paano CCT ang isang RB.*
700185,NN.* sa NNC kung paano RB.* ang
700086,CCB VBW DTC JJCS_JJD CCP VB.* CC.*
700087,VBW DTC JJCS_JJD CCP VBAF CC.* NN.*_PM.*
700186,VBW ang JJCS_JJD CCP VBAF CC.* densidad
700088,NN.* CD.* NNPA DTCP NNC CC.* NN.*
700187,NN.* mga halimbawa ng NNC CC.* mga
700188,NN.* ng NNPA (5) mga CC.* ng
700189,NN.* (1) NNPA (24) NNC CC.* (1.
700089,CD.* NN.* DTCP NNC CCB NN.* NN.*
700190,CD.* halimbawa ng NNC (5) NN.* halimbawa
700090,NN.* DT.* NNC CCB NNC NN.* CD.*
700191,NN.* ng NNC (5) mga NN.* ng
700192,NN.* halimbawa ng CCB (8) NN.* (1)
700091,DT.* NN.* CCB NNC NNPA CD.* NN.*
700193,DT.* mga halimbawa ng NNPA CD.* mga
700092,NN.* CC.* NNC NNPA CDB NN.* DT.*
700194,NN.* halimbawa ng NNPA (5) NN.* halimbawa
700195,NN.* CC.* (8) NNPA (1) NN.* (24)
700093,CC.* NN.* NN.* CDB NNPA DT.* NN.*
700196,CC.* mga halimbawa ng NNPA DT.* mga
700197,CC.* (8) NN.* (1) NNPA (24) NN.*
700094,NN.* NN.* CDB NNPA DTCP NN.* CC.*
700198,NN.* NN.* CDB NNPA DTCP NN.* CC.*
