N-Gram_ID,RoughPOS_N-Gram,DetailedPOS_N-Gram,N-Gram,Lemma_N-Gram
000000,CC.* CC.* PR.*,CCR CCT PRS_CCP,kasi para akong,kasi para akong
000001,CC.* PR.* VB.*,CCT PRS_CCP VBTS,para akong nakawalang,para akong nakawalang
000002,PR.* VB.* CC.*,PRS_CCP VBTS CCT,akong nakawalang sa,akong nakawalang sa
000003,VB.* CC.* NN.*_PM.*,VBTS CCT NNC_PMP,nakawalang sa hawla.,nakawalang sa hawla.
000030,NN.* CC.* RB.*_PM.*,NNC CCT RBW_PMC,"uod sa gabi,",uod sa gabi
000090,NN.* CC.* PR.*,NNC CCT PRI_CCP,uod sa isang,uod sa isang
000091,CC.* PR.* NN.*,CCT PRI_CCP NNC,sa isang buntis,sa isang buntis
000124,NN.* CC.* VB.*,NNC CCP VBTR_VBAF,sugat na pumapatay,sugat na pumapatay
000125,CC.* VB.* CC.*,CCP VBTR_VBAF CCB,na pumapatay ng,na pumapatay ng
000126,VB.* CC.* DT.*,VBTR_VBAF CCB DTCP,pumapatay ng mga,pumapatay ng mga
000156,CC.* DT.* NN.*_PM.*,CCB DTCP NNC_PMC,"ng mga parasito,",ng mga parasito
000189,RB.* CC.* PR.*,RBI CCT PRSP_CCP,lang sa kanilang,lang sa kanilang
000190,CC.* PR.* NN.*_PM.*,CCT PRSP_CCP NNC_PMP,sa kanilang baranggay.,sa kanilang baranggay.
000255,CC.* DT.* NN.*,CCT DTC NNC_CCP,Pero ang kawawang,Pero ang kawawang
000256,DT.* NN.* JJ.*,DTC NNC_CCP JJD_CCP,ang kawawang simpleng,ang kawawang simpleng
000257,NN.* JJ.* NN.*_PM.*,NNC_CCP JJD_CCP NNC_PMC,"kawawang simpleng empleyado,",kawawang simpleng empleyado
000283,VB.* PR.* VB.*,VBTF PRP_CCP VBW,mahihirapan tayong mag,mahihirapan tayong mag
000284,PR.* VB.* FW,PRP_CCP VBW FW,tayong mag tipon,tayong mag tipon
000305,PR.* DT.* NN.*,PRO_CCP DTCP NNC_CCP,taong salat sa,taong salat sa
000306,DT.* NN.* JJ.*,DTCP NNC_CCP JJD,salat sa edukasyon,salat sa edukasyon
000307,NN.* JJ.* CC.*,NNC_CCP JJD CCT,sa edukasyon para,sa edukasyon para
000364,VB.* CC.* NN.*,VBRF CCB NNC_CCP,pinagbatayan ng wikang,pinagbatayan ng wikang
000365,CC.* NN.* JJ.*_PM.*,CCB NNC_CCP JJD_PMC,"ng wikang pambansa,",ng wikang pambansa
000372,PR.* LM RB.*,PRO LM RBD_CCP,ito ay napakadaling,ito ay napakadaling
000373,LM RB.* VB.*,LM RBD_CCP VBW,ay napakadaling matutunan,ay napakadaling matutunan
000374,RB.* VB.* CC.*,RBD_CCP VBW CCB,napakadaling matutunan ng,napakadaling matutunan ng
000375,VB.* CC.* PR.*_PM.*,VBW CCB PRI_PMP,matutunan ng sinuman.,matutunan ng sinuman.
000382,RB.* CC.* PR.*_PM.*,RBR CCT PRSP_PMC,"Ayon sa kanya,",Ayon sa kanya
000384,VB.* RB.* NN.*,VBTS RBW_CCP NNP,naitala noong Hunyo,naitala noong Hunyo
000385,RB.* NN.* CC.*,RBW_CCP NNP CCB,noong Hunyo ng,noong Hunyo ng
000386,NN.* CC.* NN.*,NNP CCB NNC_CCP,Hunyo ng taong,Hunyo ng taong
000387,CC.* NN.* PR.*_PM.*,CCB NNC_CCP PRO_PMP,ng taong ito.,ng taong ito.
000414,NN.* CC.* VB.*,NNC CCT VBTS_CCP,kumpara sa naitalang,kumpara sa naitalang
000415,CC.* VB.* CD.*,CCT VBTS_CCP CDB,sa naitalang 905,sa naitalang 905
000416,VB.* CD.* NN.*,VBTS_CCP CDB NNC,naitalang 905 kaso,naitalang 905 kaso
000417,CD.* NN.* RB.*,CDB NNC RBW_CCP,905 kaso noong,905 kaso noong
000418,NN.* RB.* NN.*,NNC RBW_CCP NNP,kaso noong Hulyo,kaso noong Hulyo
000419,RB.* NN.* CD.*_PM.*,RBW_CCP NNP CDB_PMC,"noong Hulyo 2015,",noong Hulyo 2015
000482,DT.* VB.* PR.*,DTC VBTS PRO_CCP,ang naitala nitong,ang naitala nitong
000483,VB.* PR.* NN.*_PM.*,VBTS PRO_CCP NNP_PMC,"naitala nitong Hulyo,",naitala nitong Hulyo
000505,NN.* RB.* NN.*_PM.*,NNC RBW_CCP NNP_PMP,insidente noong Hunyo.,insidente noong Hunyo.
000516,JJ.* CC.* NN.*_PM.*,JJD CCT NNP_PMC,"matagumpay sa Fukuoka,",matagumpay sa Fukuoka
000523,JJ.* NN.* PR.*,JJN_CCP NNC PRP_CCP,unang beses kaming,unang beses kaming
000524,NN.* PR.* VB.*,NNC PRP_CCP VBTS,beses kaming nakapunta,beses kaming nakapunta
000525,PR.* VB.* CC.*,PRP_CCP VBTS CCT,kaming nakapunta sa,kaming nakapunta sa
000526,VB.* CC.* PR.*,VBTS CCT PRI_CCP,nakapunta sa ibang,nakapunta sa ibang
000527,CC.* PR.* DT.*,CCT PRI_CCP DTCP,sa ibang mga,sa ibang mga
000528,PR.* DT.* NN.*_PM.*,PRI_CCP DTCP NNC_PMC,"ibang mga lugar,",ibang mga lugar
000544,NN.* LM JJ.*_PM.*,NNC LM JJCS_JJD_PMC,"fan ay napakahalaga,",fan ay napakahalaga
000548,CC.* NN.* PR.*_PM.*,CCB NNC PRP_PMP,ng responsibilidad namin.,ng responsibilidad namin.
000558,VB.* PR.* VB.*,VBTS PRP_CCP VBW,Nagawa naming maranasan,Nagawa naming maranasan
000559,PR.* VB.* DT.*,PRP_CCP VBW DTC,naming maranasan ang,naming maranasan ang
000560,CC.* DT.* NN.*_PM.*,CCB DTCP NNP_PMC,"ng mga Hapon,",ng mga Hapon
000575,PR.* VB.* PR.*_PM.*,PRP VBTS PRO_PMC,"namin naalala iyon,",namin naalala iyon
000589,RB.* PR.* VB.*_PM.*,RBI PRS VBW_PMC,"rin ako makapaniwala,",rin ako makapaniwala
000592,RB.* NN.* PR.*_PM.*,RBL NNP PRP_PMC,"nasa Japan kami,",nasa Japan kami
000594,CC.* RB.* RB.*_PM.*,CCT RBT RBI_PMC,"sa totoo lang,",sa totoo lang
000595,DT.* VB.* PR.*_PM.*,DTC VBTR PRP_PMP,ang natutunan namin.,ang natutunan namin.
000606,VB.* CC.* JJ.*,VBW CCB JJD_CCP,matuto ng bagong,matuto ng bagong
000607,CC.* JJ.* DT.*,CCB JJD_CCP DTCP,ng bagong mga,ng bagong mga
000608,JJ.* DT.* NN.*_PM.*,JJD_CCP DTCP NNC_PMC,"bagong mga salita,",bagong mga salita
000620,DT.* CD.* NN.*,DTC CDB NNC_CCP,ang una ninyong,ang una ninyong
000621,CD.* NN.* VB.*,CDB NNC_CCP VBTS,una ninyong inisip,una ninyong inisip
000622,NN.* VB.* RB.*,NNC_CCP VBTS RBW_CCP,ninyong inisip noong,ninyong inisip noong
000623,VB.* RB.* JJ.*,VBTS RBW_CCP JJN_CCP,inisip noong unang,inisip noong unang
000624,RB.* JJ.* NN.*,RBW_CCP JJN_CCP NNC,noong unang beses,noong unang beses
000625,JJ.* NN.* PR.*,JJN_CCP NNC PRP,unang beses niyo,unang beses niyo
000626,VB.* DT.* NN.*,VBTS DTC NNC_CCP,narinig ang kantang,narinig ang kantang
000627,DT.* NN.* PR.*_PM.*,DTC NNC_CCP PRO_PMQ,ang kantang ito?,ang kantang ito?
000666,RB.* CD.* PR.*,RBW_CCP CDB PRS_CCP,Noong una kong,Noong una kong
000667,CD.* PR.* VB.*,CDB PRS_CCP VBTS,una kong napakinggan,una kong napakinggan
000668,PR.* VB.* PR.*_PM.*,PRS_CCP VBTS PRO_PMC,"kong napakinggan ito,",kong napakinggan ito
000693,NN.* DT.* NN.*_PM.*,NNP DTC NNC_PMC,"Masaya ung kanta,",Masaya ung kanta
000694,RB.* VB.* PR.*_PM.*,RBW VBTR PRS_PMC,"habang nagrerecord ako,",habang nagrerecord ako
000696,RB.* CC.* VB.*_PM.*,RBI CCR VBTR_VBAF_PMC,"rin kapag kumakanta,",rin kapag kumakanta
000699,PR.* DT.* NN.*,PRI_CCP DTCP NNC,Maraming mga bahagi,Maraming mga bahagi
000700,DT.* JJ.* VB.*_PM.*,DTC JJCC VBAF_PMP,ang mas gumanda.,ang mas gumanda.
000708,RB.* CC.* NN.*,RBW CCB NNC_CCP,ulit ng kantang,ulit ng kantang
000709,CC.* NN.* PR.*_PM.*,CCB NNC_CCP PRO_PMQ,ng kantang ito?,ng kantang ito?
000726,CC.* PR.* PR.*,CCR PRI PRO_CCP,kaya isa itong,kaya isa itong
000727,PR.* PR.* NN.*,PRI PRO_CCP NNC,isa itong kanta,isa itong kanta
000728,JJ.* CC.* PR.*_PM.*,JJD CCP PRP_PMC,"pamilyar na kami,",pamilyar na kami
000743,VB.* PR.* VB.*_PM.*,VBTS PRP_CCP VBW_PMP,nagawa naming magsaya.,nagawa naming magsaya.
000744,JJ.* CC.* NN.*_PM.*,JJD CCP NNC_PMC,"orihinal na bersyon,",orihinal na bersyon
000763,VB.* DT.* PR.*,VBH_CCP DTCP PRI_CCP,mayroong mga ibang,mayroong mga ibang
000764,DT.* PR.* NN.*,DTCP PRI_CCP NNC,mga ibang bahagi,mga ibang bahagi
000765,PR.* NN.* DT.*,PRI_CCP NNC DTC,ibang bahagi ang,ibang bahagi ang
000766,VB.* CC.* VB.*_PM.*,VBS CCP VBW_PMP,dapat na mapalitan.,dapat na mapalitan.
000781,CC.* DT.* NN.*_PM.*,CCT DTCP NNC_PMP,sa mga salita.,sa mga salita.
000809,VB.* DT.* NN.*,VBH_CCP DTCP NNC,Mayroong mga salita,Mayroong mga salita
000810,DT.* VB.* VB.*_PM.*,DTC VBS VBOF_PMC,"ung ibig sabihin,",ung ibig sabihin
000849,NN.* PR.* PR.*,NNC PRS_CCP PRI,Mukha siyang iba,Mukha siyang iba
000850,PR.* PR.* RB.*,PRS_CCP PRI RBW,siyang iba nang,siyang iba nang
000851,PR.* CC.* NN.*_PM.*,PRS CCB NNC_PMC,"siya ng salamin,",siya ng salamin
000866,PR.* RB.* JJ.*,PRS RBI JJD_CCP,ko nga bagong,ko nga bagong
000867,RB.* JJ.* NN.*,RBI JJD_CCP NNC,nga bagong miyembro,nga bagong miyembro
000868,JJ.* NN.* PR.*,JJD_CCP NNC PRS,bagong miyembro siya,bagong miyembro siya
000879,CC.* VB.* PR.*_PM.*,CCP VBOF PRO_PMC,"na gawin iyon,",na gawin iyon
000892,DT.* NN.* CC.*_PM.*,DTCP NNC CCP_PMS,mga miyembro na,mga miyembro na
000893,NN.* CC.*_PM.* JJ.*,NNC CCP_PMS JJD,miyembro na Maganda,miyembro na Maganda
000894,CC.*_PM.* JJ.* RB.*_PM.*,CCP_PMS JJD RBI_PMC,na Maganda naman,na Maganda naman
000909,PR.* DT.* VB.*_PM.*,PRO DTC VBTS_PMP,iyon ang nangyari.,iyon ang nangyari.
000911,CC.* RB.* RB.*_PM.*,CCT RBT RBI_PMC,"sa totoo lang,",sa totoo lang
000913,PR.* PR.* PR.*,PRS PRI PRP_CCP,ko marami kaming,ko marami kaming
000914,PR.* PR.* VB.*,PRI PRP_CCP VBTS_CCP,marami kaming ipinakitang,marami kaming ipinakitang
000915,PR.* VB.* NN.*_PM.*,PRP_CCP VBTS_CCP NNC_PMP,kaming ipinakitang mukha.,kaming ipinakitang mukha.
000926,PR.* CC.* NN.*_PM.*,PRO CCT NNP_PMQ,ito sa Japan?,ito sa Japan?
000948,VB.* PR.* PR.*,VBW PRS PRO_CCP,makita ko ung,makita ko ung
000949,PR.* PR.* NN.*,PRS PRO_CCP NNP,ko ung Gundam,ko ung Gundam
000950,PR.* NN.* CC.*,PRO_CCP NNP CCT,ung Gundam sa,ung Gundam sa
001008,CC.* VB.* PR.*_PM.*,CCR VBTF PRP_PMP,kung masisiyahan kayo.,kung masisiyahan kayo.
001013,CC.* VB.* RB.*,CCR VBTF RBD_CCP,kung makukuha niyong,kung makukuha niyong
001014,VB.* RB.* VB.*,VBTF RBD_CCP VBW,makukuha niyong mahalin,makukuha niyong mahalin
001015,RB.* VB.* DT.*,RBD_CCP VBW DTC,niyong mahalin ang,niyong mahalin ang
001016,VB.* DT.* NN.*,VBW DTC NNC_CCP,mahalin ang kantang,mahalin ang kantang
001017,DT.* NN.* PR.*_PM.*,DTC NNC_CCP PRO_PMP,ang kantang ito.,ang kantang ito.
001037,JJ.* JJ.* VB.*,JJCC JJD_CCP VBW,mas masayang makita,mas masayang makita
001038,JJ.* VB.* PR.*,JJD_CCP VBW PRP_CCP,masayang makita kaming,masayang makita kaming
001039,VB.* PR.* VB.*,VBW PRP_CCP VBOF,makita kaming kantahin,makita kaming kantahin
001040,PR.* VB.* PR.*_PM.*,PRP_CCP VBOF PRO_PMP,kaming kantahin ito.,kaming kantahin ito.
001073,CC.* PR.* RB.*,CCR PRS RBI_CCP,Kaya ko ring,Kaya ko ring
001074,PR.* RB.* VB.*,PRS RBI_CCP VBOF,ko ring ipakita,ko ring ipakita
001075,RB.* VB.* DT.*,RBI_CCP VBOF DTC,ring ipakita ang,ring ipakita ang
001106,DT.* NN.* PR.*_PM.*,DTC NNC PRO_PMC,"ang melodiya nito,",ang melodiya nito
001110,PR.* PR.* NN.*,PRI PRO_CCP NNC,isa itong kanta,isa itong kanta
001111,RB.* VB.* CC.*,RBT_CCP VBW CCB,pwedeng makanta ng,pwedeng makanta ng
001112,VB.* CC.* PR.*_PM.*,VBW CCB PRI_PMP,makanta ng lahat.,makanta ng lahat.
001127,DT.* NN.* PR.*_PM.*,DTCP NNC PRO_PMC,"mga liriko nito,",mga liriko nito
001134,CC.* NN.* PR.*_PM.*,CCT NNC PRO_PMC,"sa pagkanta nito,",sa pagkanta nito
001144,JJ.* JJ.* NN.*,JJCC JJD_CCP NNC,mas maraming bahagi,mas maraming bahagi
001145,JJ.* NN.* DT.*,JJD_CCP NNC DTC,maraming bahagi ang,maraming bahagi ang
001146,NN.* DT.* RB.*,NNC DTC RBT_CCP,bahagi ang pwedeng,bahagi ang pwedeng
001147,DT.* RB.* VB.*,DTC RBT_CCP VBW,ang pwedeng magkonekta,ang pwedeng magkonekta
001148,RB.* VB.* CC.*,RBT_CCP VBW CCT,pwedeng magkonekta sa,pwedeng magkonekta sa
001149,VB.* CC.* PR.*_PM.*,VBW CCT PRSP_PMC,"magkonekta sa atin,",magkonekta sa atin
001165,PR.* DT.* PR.*,PRP DTC PRSP_CCP,niyo ang aming,niyo ang aming
001166,DT.* PR.* NN.*_PM.*,DTC PRSP_CCP NNC_PMP,ang aming promosyon.,ang aming promosyon.
001181,DT.* NN.* NN.*_PM.*,DTP NNP NNPA_PMC,"kay tukayu NOEL,",kay tukayu NOEL
001202,CD.* PR.* NN.*_PM.*,CDB PRS NNC_PMP,5 ka sultada.,5 ka sultada.
001209,VB.* RB.* PR.*,VBN RBI PRSP_CCP,wala man nag,wala man nag
001210,RB.* PR.* JJ.*,RBI PRSP_CCP JJD,man nag dala,man nag dala
001211,PR.* JJ.* DT.*,PRSP_CCP JJD DTP,nag dala si,nag dala si
001212,JJ.* DT.* NN.*,JJD DTP NNC_CCP,dala si nong,dala si nong
001213,DT.* NN.* NN.*,DTP NNC_CCP NNP,si nong Rabatak,si nong Rabatak
001214,NN.* NN.* DT.*,NNC_CCP NNP DTP,nong Rabatak kay,nong Rabatak kay
001215,RB.* VB.* PR.*,RBI VBH PRSP_CCP,man may nag,man may nag
001216,VB.* PR.* NN.*,VBH PRSP_CCP NNC,may nag pindot,may nag pindot
001217,PR.* NN.* CC.*,PRSP_CCP NNC CCT,nag pindot sa,nag pindot sa
001297,NN.* PM.* PR.*,NNCA PMS PRI_CCP,i-isang negatibong sa,i-isang negatibong sa
001298,PM.* PR.* JJ.*,PMS PRI_CCP JJD_CCP,negatibong sa isang,negatibong sa isang
001299,PR.* JJ.* CC.*,PRI_CCP JJD_CCP CCT,"sa isang positibong,",sa isang positibong
001311,VB.* VB.* JJ.*_PM.*,VBAF VBN_CCP JJD_CCP_PMQ,tumingin walang karagdagang!,tumingin walang karagdagang!
001312,PR.* LM JJ.*_PM.*,PRS LM JJCS_PMC,"Ako ay napaka,",Ako ay napaka
001313,RB.* CC.* NN.*_PM.*,RBI CCT NNC_PMC,"na sa panahon,",na sa panahon
001338,LM CC.* NN.*_PM.*,LM CCT NNC_PMP,ay sa bahay.,ay sa bahay.
001368,PM.*_ DT.* NN.*,PMS_ DTC NNC,Ang lokasyon na,Ang lokasyon na
001376,CC.* DT.* JJ.*_PM.*,CCB DTCP JJD_CCP_PMQ,ng mga bagong!,ng mga bagong!
001410,NN.* CC.* VB.*_PM.*,NNC CCB VBAF_PMC,"lugar upang kumain,",lugar upang kumain
001415,DT.* PR.* DT.*,DTC PRQ_CCP DTCP,Ang ilang mga,Ang ilang mga
001416,PR.* DT.* NN.*,PRQ_CCP DTCP NNC,ilang mga pagsubok,ilang mga pagsubok
001417,PM.* VB.* NN.*,PMS VBTR NNC_CCP,- Nakukuha bulating,- Nakukuha bulating
001476,LM DT.* NN.*,LM DTC NNC_CCP,ay ang proyektong,ay ang proyektong
001477,DT.* NN.* VB.*,DTC NNC_CCP VBS,ang proyektong dapat,ang proyektong dapat
001478,NN.* VB.* VB.*,NNC_CCP VBS VBW,proyektong dapat pagsasamahan,proyektong dapat pagsasamahan
001479,CC.* NN.* PR.*,CCB NNC PRS_CCP,ng kapatid niyang,ng kapatid niyang
001480,NN.* PR.* DT.*,NNC PRS_CCP DTP,kapatid niyang si,kapatid niyang si
001481,PR.* DT.* NN.*,PRS_CCP DTP NNP,niyang si Claudine,niyang si Claudine
001539,VB.* PR.* VB.*,VBOF PRS_CCP VBTS_CCP,inamin niyang nanghinayang,inamin niyang nanghinayang
001540,DT.* NN.* PR.*,DTC NNC PRP_CCP,ang pagsasama nilang,ang pagsasama nilang
001541,PR.* NN.* CC.*,PRP_CCP NNC CCT,nilang magkapatid sa,nilang magkapatid sa
001542,NN.* CC.* PR.*,NNC CCT PRI_CCP,magkapatid sa isang,magkapatid sa isang
001543,CC.* PR.* NN.*_PM.*,CCT PRI_CCP NNC_PMP,sa isang trabaho.,sa isang trabaho.
001582,VB.* DT.* VB.*,VBW DTC VBTS_CCP,matuloy ang nasabing,matuloy ang nasabing
001583,DT.* VB.* NN.*_PM.*,DTC VBTS_CCP NNC_PMP,ang nasabing proyekto.,ang nasabing proyekto.
001638,PM.*_ RB.* RB.*,PMS_ RBF RBI,Hindi naman siya,Hindi naman siya
001682,RB.* PR.* VB.*_PM.*_PM.*,RBI PRS VBTF_PMC_PMS,"naman siya iiwan,","naman siya iiwan,"
001686,PM.*_ VB.* PR.*,PMS_ VBTR_CCP PRS,Nanghinayang ako na,Nanghinayang ako na
001698,VB.* CC.* PR.*,VBW CCT PRI_CCP,magkakatrabaho sa isang,magkakatrabaho sa isang
001699,CC.* PR.* NN.*_PM.*,CCT PRI_CCP NNC_PMC,"sa isang teleserye,",sa isang teleserye
001730,RB.* CC.* VB.*_PM.*,RBF CCP VBTF_PMP,hindi na magkikita.,hindi na magkikita.
001732,VB.* NN.* PR.*_PM.*,VBTS NNC PRS_PMP,naging desisyon niya.,naging desisyon niya.
001739,RB.* PR.* VB.*_PM.*,RBF PRP VBTS_PMC,"Hindi kami nagkikita,",Hindi kami nagkikita
001741,PR.* CC.* PR.*,PRS CCB PRQ_CCP,ko ng ilang,ko ng ilang
001742,CC.* PR.* NN.*_PM.*,CCB PRQ_CCP NNC_PMP,ng ilang beses.,ng ilang beses.
001750,VB.* DT.* PR.*,VBTS DTC PRC_CCP,nagkatotoo ang ganitong,nagkatotoo ang ganitong
001751,DT.* PR.* NN.*,DTC PRC_CCP NNC,ang ganitong senaryo,ang ganitong senaryo
001794,PR.* CC.* NN.*_PM.*,PRS CCB NNP_PMC,"ka ng Tagalog,",ka ng Tagalog
001799,VB.* PR.* VB.*,VBS PRS_CCP VBAF,maaari kang gumamit,maaari kang gumamit
001800,PR.* VB.* CC.*,PRS_CCP VBAF CCB,kang gumamit ng,kang gumamit ng
001801,NN.* CC.* VB.*,NNC CCB VBN_CCP,wika nang walang,wika nang walang
001802,CC.* VB.* NN.*_PM.*,CCB VBN_CCP NNC_PMP,nang walang bayad.,nang walang bayad.
001828,VB.* RB.* RB.*,VBTR_VBAF RBF RBI,tumatakbo hindi lamang,tumatakbo hindi lamang
001830,DT.* JJ.* DT.*,DTC JJD_CCP DTCP,ang modernong mga,ang modernong mga
001831,JJ.* DT.* NN.*,JJD_CCP DTCP NNC,modernong mga laro,modernong mga laro
001832,CC.* DT.* JJ.*,CCT DTCP JJD_CCP,sa mga batang,sa mga batang
001864,CC.* DT.* PR.*_PM.*,CCB DTCP PRO_PMC,"ng mga ito,",ng mga ito
001870,CC.* DT.* NN.*_PM.*,CCT DTCP NNC_PMC,"sa mga karera,",sa mga karera
001896,DT.* DT.* PR.*_PM.*,DTC DTCP PRO_PMC,"ang mga ito,",ang mga ito
001947,LM RB.* JJ.*,LM RBF JJD_CCP,ay hindi huling,ay hindi huling
001961,VB.* DT.* PR.*,VBW DTC PRI_CCP,maiwasan ang isang,maiwasan ang isang
001980,JJ.* PR.* DT.*,JJCS_CCP PRI_CCP DTCP,masyadong maraming mga,masyadong maraming mga
001981,PR.* DT.* NN.*,PRI_CCP DTCP NNC,maraming mga pagkakataon,maraming mga pagkakataon
002022,VB.* RB.* JJ.*_PM.*,VBOF RBW JJD_PMC,"ginawa nang maramihan,",ginawa nang maramihan
002023,JJ.* CC.* NN.*_PM.*,JJD CCP NNC_PMC,"mabagal na suso,",mabagal na suso
002025,VB.* DT.* PR.*,VBOF DTC PRI_CCP,Ayusin ang isang,Ayusin ang isang
002026,DT.* PR.* NN.*,DTC PRI_CCP NNC,ang isang lahi,ang isang lahi
002027,PR.* NN.* CC.*,PRI_CCP NNC CCT,isang lahi sa,isang lahi sa
002077,VB.* PR.* VB.*,VBS PRS_CCP VBOF,Maaari mong patakbuhin,Maaari mong patakbuhin
002078,PR.* VB.* DT.*,PRS_CCP VBOF DTC,mong patakbuhin ang,mong patakbuhin ang
002079,DT.* CC.* NN.*_PM.*,DTC CCB NNC_PMC,"ang ng taxi,",ang ng taxi
002093,CC.* NN.* PR.*_PM.*,CCP NNC PRI_CCP_PMC,"na layunin ibang,",na layunin ibang
002115,DT.* VB.* PR.*_PM.*,DTC VBTR PRS_PMC,"ang hinihintay ko,",ang hinihintay ko
002120,VB.* CC.* NN.*_PM.*,VBAF CCT NNP_PMC,"bumisita sa Japan,",bumisita sa Japan
002151,RB.* RB.* NN.*,RBK RBQ NNC_CCP,kung gaano kagaling,kung gaano kagaling
002152,RB.* NN.* DT.*,RBQ NNC_CCP DTP,gaano kagaling si,gaano kagaling si
002153,NN.* DT.* NN.*,NNC_CCP DTP NNP,kagaling si Coco,kagaling si Coco
002226,LM JJ.* VB.*_PM.*,LM JJD VBOF_PMC,"ay magaan dalhin,",ay magaan dalhin
002229,CC.* DT.* NN.*,CCB DTCP NNP_CCP,ng mga Lumang,ng mga Lumang
002230,DT.* NN.* NN.*_PM.*,DTCP NNP_CCP NNP_PMC,"mga Lumang Bulalakaw,",mga Lumang Bulalakaw
002244,CC.* RB.* RB.*_PM.*,CCT RBT RBI_PMC,"Sa totoo lang,",Sa totoo lang
002245,RB.* CC.* PR.*,RBL CCT PRSP_CCP,galing sa ating,galing sa ating
002247,CC.* NN.* PM.*,CCB NNC_CCP PMS,Kuko halamang-singaw ay,Kuko halamang-singaw ay
002248,JJ.* DT.* PR.*,JJD DTC PRI_CCP,buong kuko -,buong kuko -
002249,DT.* PR.* NN.*,DTC PRI_CCP NNC,kuko - Kung,kuko - Kung
002250,PR.* NN.* PM.*,PRI_CCP NNC PMS,- Kung paano,- Kung paano
002251,VB.* DT.* PR.*,VBOF DTC PRI_CCP,isang balat ng,isang balat ng
002252,DT.* PR.* NN.*,DTC PRI_CCP NNC,balat ng halamang-singaw,balat ng halamang-singaw
002303,DT.* DT.* NN.*,DTC DTCP NNC_CCP,ang mga halamang-singaw,ang mga halamang-singaw
002304,DT.* NN.* PM.*,DTCP NNC_CCP PMS,mga halamang-singaw sa,mga halamang-singaw sa
002362,NN.* DT.* JJ.*,NNC DTC JJCS_JJD,pinakamahusay na paraan,pinakamahusay na paraan
002363,DT.* JJ.* CC.*,DTC JJCS_JJD CCP,na paraan upang,na paraan upang
002364,JJ.* CC.* NN.*,JJCS_JJD CCP NNC,paraan upang gamutin,paraan upang gamutin
002459,DT.* JJ.* CC.*,DTC JJCS_JJD CCP,ang pinakamahusay na,ang pinakamahusay na
002460,JJ.* CC.* NN.*,JJCS_JJD CCP NNC,pinakamahusay na lunas,pinakamahusay na lunas
002461,CC.* DT.* NN.*,CCT DTCP NNC_CCP,sa mga halamang-singaw,sa mga halamang-singaw
002462,DT.* NN.* PM.*,DTCP NNC_CCP PMS,mga halamang-singaw sa,mga halamang-singaw sa
002536,CC.* VB.* PR.*,CCR VBH PRS_CCP,kung mayroon kang,kung mayroon kang
002537,VB.* PR.* PR.*,VBH PRS_CCP PRI_CCP,mayroon kang isang,mayroon kang isang
002538,PR.* PR.* NN.*,PRS_CCP PRI_CCP NNC,kang isang kuko,kang isang kuko
002539,NN.* CC.* PR.*,NNC CCT PRSP_CCP,aking mga paa,aking mga paa
002540,CC.* PR.* DT.*,CCT PRSP_CCP DTCP,mga paa Mayroon,mga paa Mayroon
002541,PR.* DT.* NN.*,PRSP_CCP DTCP NNC,paa Mayroon akong,paa Mayroon akong
002542,NN.* VB.* PR.*,NNC VBH PRS_CCP,akong isang kuko,akong isang kuko
002543,VB.* PR.* PR.*,VBH PRS_CCP PRI_CCP,isang kuko halamang-singaw,isang kuko halamang-singaw
002544,PR.* PR.* NN.*,PRS_CCP PRI_CCP NNC,kuko halamang-singaw ay,kuko halamang-singaw ay
002621,CC.* NN.* PM.*,CCB NNC_CCP PMS,ng halamang-singaw sa,ng halamang-singaw sa
002622,NN.* CC.* PR.*,NNC CCT PRSP_CCP,paa kaysa sa,paa kaysa sa
002623,CC.* PR.* DT.*,CCT PRSP_CCP DTCP,kaysa sa paggamot,kaysa sa paggamot
002624,PR.* DT.* NN.*,PRSP_CCP DTCP NNC,sa paggamot sa,sa paggamot sa
002676,NN.* CC.* PR.*,NNC CCT PRI_CCP,sa pagitan ng,sa pagitan ng
002677,CC.* PR.* JJ.*,CCT PRI_CCP JJD,pagitan ng puwit,pagitan ng puwit
002678,PR.* JJ.* CC.*,PRI_CCP JJD CCT,ng puwit bilang,ng puwit bilang
002716,DT.* FW NN.*,DTC FW NNC_CCP,ang forum halamang-singaw,ang forum halamang-singaw
002717,FW NN.* PM.*,FW NNC_CCP PMS,forum halamang-singaw ng,forum halamang-singaw ng
002757,CC.* NN.* PM.*,CCB NNC_CCP PMS,ng halamang-singaw sa,ng halamang-singaw sa
002841,CC.* NN.* PM.*,CCB NNC_CCP PMS,Kuko halamang-singaw ay,Kuko halamang-singaw ay
002842,JJ.* PM.* JJ.*,JJCS PMS JJD_CCP,"gamot halamang-singaw paggamot,",gamot halamang-singaw paggamot
002865,JJ.* PM.* JJ.*,JJCS PMS JJD_CCP,pinaka-epektibong paggamot ng,pinaka-epektibong paggamot ng
002866,PM.* JJ.* NN.*,PMS JJD_CCP NNC,paggamot ng halamang-singaw,paggamot ng halamang-singaw
002867,JJ.* NN.* CC.*,JJD_CCP NNC CCB,ng halamang-singaw sa,ng halamang-singaw sa
002868,CC.* NN.* PM.*,CCB NNC_CCP PMS,sa kuko kung,sa kuko kung
002905,VB.* CC.* NN.*,VBAF CCB NNC_CCP,Unguento ng halamang-singaw,Unguento ng halamang-singaw
002906,CC.* NN.* PM.*,CCB NNC_CCP PMS,ng halamang-singaw sa,ng halamang-singaw sa
002907,DT.* DT.* NN.*,DTC DTCP NNC_CCP,halamang-singaw sa kuko,halamang-singaw sa kuko
002908,DT.* NN.* PM.*,DTCP NNC_CCP PMS,"sa kuko forum,",sa kuko forum
002945,NN.* VB.* NN.*,NNC VBW NNP_CCP,Paunang paa halamang-singaw.,Paunang paa halamang-singaw.
002952,JJ.* NN.* CC.*,JJCS_JJD_CCP NNC CCB,Pinakamalalang kaso ng,Pinakamalalang kaso ng
002954,VB.* CC.* PR.*,VBW CCT PRSP_CCP,kanyang mga paa,kanyang mga paa
002955,CC.* PR.* DT.*,CCT PRSP_CCP DTCP,mga paa Litrato,mga paa Litrato
002969,VB.* DT.* NN.*,VBOF DTC NNC_CCP,Gamutin ang halamang-singaw,Gamutin ang halamang-singaw
002970,DT.* NN.* PM.*,DTC NNC_CCP PMS,ang halamang-singaw sa,ang halamang-singaw sa
002971,NN.* CC.* PR.*,NNC CCT PRSP_CCP,kanyang mga paa,kanyang mga paa
002972,CC.* PR.* DT.*,CCT PRSP_CCP DTCP,mga paa ekzoderil,mga paa ekzoderil
002973,PR.* DT.* NN.*,PRSP_CCP DTCP NNC,paa ekzoderil presyo,paa ekzoderil presyo
002974,VB.* CC.* PR.*,VBW CCT PRI_CCP,isang lamog banda,isang lamog banda
002975,CC.* PR.* JJ.*,CCT PRI_CCP JJD,"lamog banda nail,",lamog banda nail
003024,FW CC.* VB.*,FW CCT VBTS_CCP,sa nasabing mga,sa nasabing mga
003025,CC.* VB.* DT.*,CCT VBTS_CCP DTCP,nasabing mga establisimiyento!,nasabing mga establisimiyento!
003081,JJ.* CC.* NN.*_PM.*,JJD CCB NNC_PMC,"gitna ng kaguluhan,",gitna ng kaguluhan
003084,VB.* DT.* PR.*,VBW DTP PRSP_CCP,makakapagsalita kay kanyang,makakapagsalita kay kanyang
003085,DT.* PR.* VB.*,DTP PRSP_CCP VBOF,kay kanyang pinatay,kay kanyang pinatay
003086,PR.* VB.* VB.*,PRSP_CCP VBOF VBS,kanyang pinatay gamit,kanyang pinatay gamit
003087,DT.* PR.* PR.*,DTC PRI PRS_CCP,ang buo niyang,ang buo niyang
003088,PR.* PR.* NN.*_PM.*,PRI PRS_CCP NNC_PMP,buo niyang lakas.,buo niyang lakas.
003135,CC.* PM.* NN.*,CCR PMS NNC_CCP,pag-aakalang tapos na,pag-aakalang tapos na
003136,PM.* NN.* JJ.*,PMS NNC_CCP JJD,tapos na ang,tapos na ang
003148,PR.* CC.* JJ.*,PRS CCT JJD_CCP,niya sa panlolokong,niya sa panlolokong
003149,CC.* JJ.* VB.*,CCT JJD_CCP VBOF,sa panlolokong ginawa,sa panlolokong ginawa
003150,JJ.* VB.* CC.*,JJD_CCP VBOF CCB,panlolokong ginawa ng,panlolokong ginawa ng
003151,VB.* CC.* PR.*,VBOF CCB PRSP_CCP,ginawa ng kanyang,ginawa ng kanyang
003152,CC.* PR.* NN.*_PM.*,CCB PRSP_CCP NNC_PMP,ng kanyang ina.,ng kanyang ina.
003185,NN.* DT.* NN.*_PM.*,NNP DTC NNC_PMQ,Enzo ang katotohanan?,Enzo ang katotohanan?
003197,RB.* CC.* PR.*,RBR CCT PRSP_CCP,Ayon sa kanilang,Ayon sa kanilang
003198,CC.* PR.* NN.*_PM.*,CCT PRSP_CCP NNC_PMC,"sa kanilang datos,",sa kanilang datos
003201,RB.* VB.* DT.*,RBD_CCP VBTS DTC,biglang naglipana ang,biglang naglipana ang
003202,NN.* CC.* PR.*,NNC CCT PRSP_CCP,singkit sa kanilang,singkit sa kanilang
003203,CC.* PR.* NN.*_PM.*,CCT PRSP_CCP NNC_PMS,sa kanilang lugar!,sa kanilang lugar!
003259,RB.* CC.* PR.*_PM.*,RBR CCT PRSP_PMC,"Ayon sa kanya,",Ayon sa kanya
003303,VB.* CC.* RB.*,VBW CCB RBI_CCP,magtanim ng pang-kalusugan.,magtanim ng pang-kalusugan.
003304,JJ.* DT.* NN.*_PM.*,JJD DTC NNC_PMC,"negatibo ang kahulugan,",negatibo ang kahulugan
003322,VB.* CC.* DT.*,VBTR_VBAF CCT DTC,gumagana bilang ang,gumagana bilang ang
003341,CC.* DT.* NN.*_PM.*,CCT DTCP NNC_PMP,sa mga parasito.,sa mga parasito.
003373,NN.* RB.* PR.*,NNC RBW PRI_CCP,baybayin nang isang,baybayin nang isang
003374,RB.* PR.* NN.*,RBW PRI_CCP NNC,nang isang parasito,nang isang parasito
003375,PR.* NN.* RB.*,PRI_CCP NNC RBK,isang parasito kung,isang parasito kung
003376,LM VB.* VB.*_PM.*,LM VBS VBAF_PMP,ay dapat magpasuri.,ay dapat magpasuri.
003419,NN.* CC.* JJ.*,NNC CCB JJD_CCP,magulang ng batang,magulang ng batang
003420,CC.* JJ.* VB.*,CCB JJD_CCP VBTR,ng batang binakunahan,ng batang binakunahan
003421,JJ.* VB.* CC.*,JJD_CCP VBTR CCB,batang binakunahan ng,batang binakunahan ng
003422,VB.* CC.* NN.*_PM.*,VBTR CCB NNP_PMQ,binakunahan ng Dengvaxia?,binakunahan ng Dengvaxia?
003448,CC.* NN.* PR.*_PM.*,CCB NNC PRO_PMP,ng sakit ito.,ng sakit ito.
003463,DT.* DT.* NN.*,DTC DTCP NNC_CCP,Ang mga taong,Ang mga taong
003464,DT.* NN.* VB.*,DTCP NNC_CCP VBTS,mga taong nakaranas,mga taong nakaranas
003465,NN.* VB.* RB.*,NNC_CCP VBTS RBI,taong nakaranas na,taong nakaranas na
003466,NN.* LM RB.*,NNC LM RBW_CCP,bulutong ay kadalasang,bulutong ay kadalasang
003467,LM RB.* RB.*,LM RBW_CCP RBF,ay kadalasang hindi,ay kadalasang hindi
003468,VB.* CC.* PR.*_PM.*,VBTF CCB PRC_PMP,magkakasakit ng ganito.,magkakasakit ng ganito.
003510,NN.*_PM.* NN.* PR.*,NNP_PMS NNCA PRO,Bagama't ito ay,Bagama't ito ay
003511,PR.* LM JJ.*,PRO LM JJCS_JJD,ay pinakakaraniwan sa,ay pinakakaraniwan sa
003512,LM JJ.* CC.*,LM JJCS_JJD CCT,pinakakaraniwan sa mga,pinakakaraniwan sa mga
003513,JJ.* CC.* DT.*,JJCS_JJD CCT DTCP,sa mga kabataan.,sa mga kabataan.
003524,CC.* PR.* JJ.*,CCT PRI_CCP JJD_CCP,sa isang magandang,sa isang magandang
003525,PR.* JJ.* NN.*,PRI_CCP JJD_CCP NNC_CCP,isang magandang baywang,isang magandang baywang
003526,JJ.* NN.* PR.*,JJD_CCP NNC_CCP PRQ,magandang baywang paano,magandang baywang paano
003527,NN.* PR.* VB.*,NNC_CCP PRQ VBOF,baywang paano alisin,baywang paano alisin
003528,VB.* RB.* PR.*,VBS RBI PRS_CCP,Maaari ba akong,Maaari ba akong
003529,RB.* PR.* VB.*,RBI PRS_CCP VBAF,ba akong gumamit,ba akong gumamit
003530,PR.* VB.* CC.*,PRS_CCP VBAF CCB,akong gumamit ng,akong gumamit ng
003591,PR.* DT.* JJ.*,PRQ DTC JJD_CCP,Paano ang tamang,Paano ang tamang
003592,DT.* JJ.* CC.*,DTC JJD_CCP CCR,ang tamang pag-aalaga,ang tamang pag-aalaga
003593,JJ.* CC.* PM.*,JJD_CCP CCR PMS,tamang pag-aalaga sa,tamang pag-aalaga sa
003600,JJ.* CC.* NN.*,JJCS_JJD CCP NNC,pinakamabilis na paraan,pinakamabilis na paraan
003601,CC.* PR.* NN.*,CCT PRI_CCP NNC,sa isang linggo,sa isang linggo
003628,JJ.* NN.* CC.*,JJCS_JJD_CCP NNC CCB,Pinakamalalang kaso ng,Pinakamalalang kaso ng
003630,NN.* CC.* PR.*,NNC CCB PRI_CCP,bubong ng isang,bubong ng isang
003631,CC.* PR.* NN.*,CCB PRI_CCP NNC,ng isang kahoy,ng isang kahoy
003661,VB.* PR.* CC.*,VBS PRS_CCP CCR,dapat mong pag-aralan,dapat mong pag-aralan
003662,PR.* CC.* PM.*,PRS_CCP CCR PMS,mong pag-aralan ang,mong pag-aralan ang
003663,NN.* DT.* PR.*,NNC DTC PRI_CCP,buong sistema ng,buong sistema ng
003664,DT.* PR.* NN.*,DTC PRI_CCP NNC,sistema ng pagtatayo,sistema ng pagtatayo
003665,PR.* NN.* CC.*,PRI_CCP NNC CCB,ng pagtatayo nito,ng pagtatayo nito
003692,PR.* CC.* PR.*,PRSP CCT PRI_CCP,kanila sa isang,kanila sa isang
003693,CC.* PR.* NN.*_PM.*,CCT PRI_CCP NNC_PMP,sa isang punto.,sa isang punto.
003712,CC.* DT.* JJ.*,CCT DTCP JJD_CCP,sa mga modernong,sa mga modernong
003713,DT.* JJ.* NN.*_PM.*,DTCP JJD_CCP NNC_PMC,"mga modernong teknolohiya,",mga modernong teknolohiya
003724,LM VB.* PR.*,LM VBH PRI_CCP,ay may maraming,ay may maraming
003725,VB.* PR.* DT.*,VBH PRI_CCP DTCP,may maraming mga,may maraming mga
003726,PR.* DT.* NN.*_PM.*,PRI_CCP DTCP NNC_PMS,maraming mga pakinabang:,maraming mga pakinabang:
003749,JJ.* CC.* NN.*_PM.*,JJD CCP NNC_PMC,"artipisyal na bato,",artipisyal na bato
003750,VB.* DT.* JJ.*,VBW DTC JJCS_JJD,makamit ang pinakamataas,makamit ang pinakamataas
003751,DT.* JJ.* CC.*,DTC JJCS_JJD CCP,ang pinakamataas na,ang pinakamataas na
003752,JJ.* CC.* VB.*,JJCS_JJD CCP VBAF,pinakamataas na magkasanib,pinakamataas na magkasanib
003753,VB.* CC.* NN.*_PM.*,VBAF CCP NNC_PMC,"magkasanib na densidad,",magkasanib na densidad
003769,LM VB.* RB.*,LM VBTR RBI_CCP,ay tinatawag ding,ay tinatawag ding
003770,VB.* RB.* NN.*,VBTR RBI_CCP NNC,tinatawag ding kahoy,tinatawag ding kahoy
003771,CC.* JJ.* NN.*_PM.*,CCP JJD_CCP NNC_PMP,na panghaliling daan.,na panghaliling daan.
003806,VB.* CC.* PR.*,VBW CCB PRI_CCP,Magpakita ng isang,Magpakita ng isang
003807,CC.* PR.* NN.*,CCB PRI_CCP NNC,ng isang proseso,ng isang proseso
003808,PR.* NN.* CC.*,PRI_CCP NNC CCT,isang proseso para,isang proseso para
003851,VB.* RB.* RB.*,VBTS_VBOF RBK RBQ,Ipaliwanag kung ano,Ipaliwanag kung ano
003852,RB.* DT.* PR.*,RBQ DTC PRSP_CCP,ano ang iyong,ano ang iyong
003853,DT.* PR.* VB.*_PM.*,DTC PRSP_CCP VBTR_PMC,"ang iyong ginagawa,",ang iyong ginagawa
003901,NN.* PR.* JJ.*,NNC PRI_CCP JJD_CCP,palad isang pangunahing,palad isang pangunahing
003902,PR.* JJ.* NN.*,PRI_CCP JJD_CCP NNC,isang pangunahing sagabal,isang pangunahing sagabal
003903,JJ.* NN.* DT.*,JJD_CCP NNC DTC,pangunahing sagabal ang,pangunahing sagabal ang
003904,VB.* CC.* PR.*_PM.*,VBAF CCT PRSP_PMP,pumigil sa kanila.,pumigil sa kanila.
003928,DT.* PR.* DT.*,DTC PRC_CCP DTCP,Ang ganitong mga,Ang ganitong mga
003929,PR.* DT.* NN.*,PRC_CCP DTCP NNC,ganitong mga piraso,ganitong mga piraso
003930,VB.* CC.* PR.*,VBW CCB PRI_CCP,magkaroon ng isang,magkaroon ng isang
003931,CC.* PR.* JJ.*,CCB PRI_CCP JJD,ng isang ganap,ng isang ganap
003932,CC.* VB.* NN.*_PM.*,CCP VBTR_CCP NNC_PMC,"na naiibang pagsasaayos,",na naiibang pagsasaayos
003967,VB.* PR.* VB.*,VBS PRP_CCP VBAF,maaari silang gumawa,maaari silang gumawa
003968,PR.* VB.* CC.*,PRP_CCP VBAF CCB,silang gumawa ng,silang gumawa ng
003980,CC.* CC.* VB.*_PM.*,CCT CCP VBTR_PMC,"kahit na tinatayang,",kahit na tinatayang
003994,DT.* DT.* NN.*,DTC DTCP NNC_CCP,ang mga taong,ang mga taong
003995,DT.* NN.* VB.*,DTCP NNC_CCP VBN_CCP,mga taong walang,mga taong walang
003996,VB.* NN.* CC.*,VBN_CCP NNC CCT,walang karanasan sa,walang karanasan sa
004039,VB.* CC.* PR.*,VBAF CCB PRI_CCP,pumili ng isang,pumili ng isang
004040,CC.* PR.* JJ.*,CCB PRI_CCP JJCS,"ng isang napaka-kumplikado,",ng isang napaka-kumplikado
004044,CC.* RB.* VB.*_PM.*,CCR RBF VBTR_PMP,kung hindi kinakailangan.,kung hindi kinakailangan.
004067,DT.* VB.* NN.*,DTC VBTR_CCP NNC,ang tinatayang laki,ang tinatayang laki
004068,VB.* NN.* CC.*,VBTR_CCP NNC CCB,tinatayang laki ng,tinatayang laki ng
004069,CC.* DT.* NN.*_PM.*,CCB DTCP NNC_PMC,"ng mga kuwarto,",ng mga kuwarto
004076,VB.* DT.* NN.*_PM.*,VBOF DTC NNC_PMC,"pagsamahin ang kusina,",pagsamahin ang kusina
004080,CC.* DT.* NN.*_PM.*,CCB DTCP NNC_PMP,ng mga palapag.,ng mga palapag.
004082,VB.* DT.* JJ.*,VBW DTC JJCS_JJD,makamit ang pinakamataas,makamit ang pinakamataas
004083,DT.* JJ.* CC.*,DTC JJCS_JJD CCP,ang pinakamataas na,ang pinakamataas na
004084,JJ.* CC.* VB.*,JJCS_JJD CCP VBAF,pinakamataas na magkasanib,pinakamataas na magkasanib
004085,VB.* CC.* NN.*_PM.*,VBAF CCP NNC_PMC,"magkasanib na densidad,",magkasanib na densidad
004101,NN.* LM VB.*_PM.*,NNC LM VBTR_CCP_PMC,"presyo ay tinatayang,",presyo ay tinatayang
004103,LM VB.* JJ.*_PM.*,LM VBTR JJD_PMC,"ay nagbabago Patuloy,",ay nagbabago Patuloy
004134,NN.* LM RB.*,NNC LM RBD_CCP,puno ay palaging,puno ay palaging
004135,LM RB.* VB.*,LM RBD_CCP VBTR,ay palaging itinuturing,ay palaging itinuturing
004136,NN.* PR.* DT.*,NNCA PRI_CCP DTCP,ibang mga kumpigurasyon.,ibang mga kumpigurasyon.
004190,DT.* JJ.* NN.*_PM.*,DTC JJD_CCP NNC_PMC,"Ang magagandang hitsura,",Ang magagandang hitsura
004191,DT.* DT.* VB.*,DTC DTCP VBTR_VBAF,Ang mga sumusunod,Ang mga sumusunod
004192,DT.* VB.* CC.*,DTCP VBTR_VBAF CCP,mga sumusunod na,mga sumusunod na
004193,VB.* CC.* DT.*,VBTR_VBAF CCP DTCP,sumusunod na mga,sumusunod na mga
004194,PR.* CC.* PR.*,PRI CCB PRSP_CCP,ating mga aksyon,ating mga aksyon
004195,CC.* PR.* DT.*,CCB PRSP_CCP DTCP,mga aksyon ay,mga aksyon ay
004196,PR.* DT.* NN.*,PRSP_CCP DTCP NNC,aksyon ay parang,aksyon ay parang
004265,VB.* PR.* DT.*,VBH PRO_CCP DTCP,meron itong mga,meron itong mga
004266,PR.* DT.* NN.*,PRO_CCP DTCP NNC,itong mga alon,itong mga alon
004267,CC.* DT.* NN.*_PM.*,CCB DTCP NNC_PMP,ng mga pangyayari.,ng mga pangyayari.
004286,NN.* CC.* JJ.*,NNC CCB JJD_CCP,pagtataglay ng sariwang,pagtataglay ng sariwang
004287,CC.* JJ.* NN.*,CCB JJD_CCP NNC,ng sariwang pananaw,ng sariwang pananaw
004288,JJ.* NN.* CC.*,JJD_CCP NNC CCT,sariwang pananaw sa,sariwang pananaw sa
004299,CC.* DT.* NN.*,CCB DTCP NNC_CCP,ng mga bayaning,ng mga bayaning
004300,DT.* NN.* NN.*_PM.*,DTCP NNC_CCP NNC_PMC,"mga bayaning pilipino,",mga bayaning pilipino
004310,JJ.* DT.* PR.*,JJD DTC PRSP_CCP,pampanga ang aking,pampanga ang aking
004311,DT.* PR.* JJ.*,DTC PRSP_CCP JJD_CCP,ang aking paboritong,ang aking paboritong
004312,PR.* JJ.* NN.*,PRSP_CCP JJD_CCP NNC,aking paboritong pagkain,aking paboritong pagkain
004313,JJ.* NN.* LM,JJD_CCP NNC LM,paboritong pagkain ay,paboritong pagkain ay
004314,JJ.* CC.* PR.*,JJD CCB PRSP_CCP,luto ng aking,luto ng aking
004315,CC.* PR.* NN.*_PM.*,CCB PRSP_CCP NNC_PMP,ng aking ina.,ng aking ina.
004361,NN.* DT.* PR.*,NNC DTC PRSP_CCP,Talambuhay ang aking,Talambuhay ang aking
004362,DT.* PR.* NN.*,DTC PRSP_CCP NNC,ang aking talambuhaymarami,ang aking talambuhaymarami
004363,PR.* NN.* DT.*,PRSP_CCP NNC DTC,aking talambuhaymarami ang,aking talambuhaymarami ang
004364,CC.* DT.* JJ.*,CCP DTC JJCS_JJD_CCP,na ang pinakamasayang,na ang pinakamasayang
004365,DT.* JJ.* NN.*,DTC JJCS_JJD_CCP NNC,ang pinakamasayang araw,ang pinakamasayang araw
004366,JJ.* NN.* CC.*,JJCS_JJD_CCP NNC CCP,pinakamasayang araw na,pinakamasayang araw na
004367,FW JJ.* VB.*,FW JJD_CCP VBTS,forteza mahahalagang nagampanan,forteza mahahalagang nagampanan
004368,JJ.* VB.* VB.*,JJD_CCP VBTS VBTR,mahahalagang nagampanan nararapat,mahahalagang nagampanan nararapat
004369,VB.* VB.* CC.*_PM.*,VBTR VBOF CCT_PMP,nararapat tandaan sa.,nararapat tandaan sa.
004438,PR.* JJ.* NN.*,PRI_CCP JJD_CCP NNC,isang munting buto,isang munting buto
004439,JJ.* NN.* DT.*,JJD_CCP NNC DTC,munting buto ang,munting buto ang
004440,VB.* CC.* PR.*,VBTS CCT PRSP_CCP,nahalang sa kanyang,nahalang sa kanyang
004441,CC.* PR.* NN.*_PM.*,CCT PRSP_CCP NNC_PMP,sa kanyang lalamunan.,sa kanyang lalamunan.
004456,NN.* CC.* RB.*,NNC CCB RBI_CCP,halimbawa ng pang-abay,halimbawa ng pang-abay
004457,CC.* RB.* PM.*,CCB RBI_CCP PMS,ng pang-abay n,ng pang-abay n
004458,RB.* PM.* NN.*,RBI_CCP PMS NNC,pang-abay n pamanahon,pang-abay n pamanahon
004552,JJ.* NN.* CC.*,JJD_CCP NNC CCT,batang babae sa,batang babae sa
004553,CC.* CD.* NN.*_PM.*,CCT CDB NNC_PMC,"sa 18 taon,",sa 18 taon
004623,NN.* VB.* PR.*,NNC VBW PRQ_CCP,dibdib pagpapalaki aling,dibdib pagpapalaki aling
004624,VB.* PR.* DT.*,VBW PRQ_CCP DTCP,pagpapalaki aling mga,pagpapalaki aling mga
004625,PR.* DT.* NN.*,PRQ_CCP DTCP NNC,aling mga paraan,aling mga paraan
004626,JJ.* CC.* NN.*_PM.*,JJD CCP NNC_PMP,maliit na suso.,maliit na suso.
004657,DT.* NN.* CD.*_PM.*,DTCP NNC CDB_PMC,"mga suso 3,",mga suso 3
004678,VB.* NN.* RB.*,VBN_CCP NNC_CCP RBS,Walang katapusang pasasalamat,Walang katapusang pasasalamat
004679,NN.* RB.* CC.*,NNC_CCP RBS CCT,katapusang pasasalamat sa,katapusang pasasalamat sa
004680,RB.* CC.* PR.*,RBS CCT PRSP_CCP,pasasalamat sa aming,pasasalamat sa aming
004681,CC.* PR.* DT.*,CCT PRSP_CCP DTCP,sa aming mga,sa aming mga
004682,PR.* DT.* NN.*,PRSP_CCP DTCP NNC,aming mga guro,aming mga guro
004683,NN.* CC.* PR.*,NNC CCT PRSP_CCP,guro sa kanilang,guro sa kanilang
004684,CC.* PR.* JJ.*,CCT PRSP_CCP JJD_CCP,sa kanilang dakilang,sa kanilang dakilang
004685,PR.* JJ.* NN.*,PRSP_CCP JJD_CCP NNC,kanilang dakilang tungkulin,kanilang dakilang tungkulin
004686,JJ.* NN.* CC.*,JJD_CCP NNC CCT,dakilang tungkulin sa,dakilang tungkulin sa
004687,NN.* CC.* PR.*,NNC CCB PRSP_CCP,ating mga magulang,ating mga magulang
004688,CC.* PR.* DT.*,CCB PRSP_CCP DTCP,mga magulang ang,mga magulang ang
004689,PR.* DT.* NN.*,PRSP_CCP DTCP NNC,magulang ang pangarap,magulang ang pangarap
004690,DT.* NN.* PR.*,DTC NNC PRP_CCP,nilang mabigyan ng,nilang mabigyan ng
004691,NN.* PR.* VB.*,NNC PRP_CCP VBW,mabigyan ng tamang,mabigyan ng tamang
004692,PR.* VB.* CC.*,PRP_CCP VBW CCB,ng tamang edukasyon,ng tamang edukasyon
004693,VB.* CC.* JJ.*,VBW CCB JJD_CCP,tamang edukasyon ang,tamang edukasyon ang
004694,CC.* JJ.* NN.*,CCB JJD_CCP NNC,edukasyon ang kanilang,edukasyon ang kanilang
004695,JJ.* NN.* DT.*,JJD_CCP NNC DTC,ang kanilang mga,ang kanilang mga
004696,NN.* DT.* PR.*,NNC DTC PRSP_CCP,kanilang mga anak.,kanilang mga anak.
004840,DT.* NN.* RB.*,DTCP NNC RBW_CCP,sa mga talumpati,sa mga talumpati
004841,NN.* RB.* NN.*_PM.*,NNC RBW_CCP NNC_PMC,mga talumpati ngayong,mga talumpati ngayong
004875,CC.* DT.* NN.*,CCT DTC NNC_CCP,pero ang kasabihang,pero ang kasabihang
004876,DT.* NN.* PR.*,DTC NNC_CCP PRO,ang kasabihang ito,ang kasabihang ito
004877,NN.* PR.* DT.*,NNC_CCP PRO DTC,kasabihang ito ang,kasabihang ito ang
004878,CC.* DT.* JJ.*,CCT DTCP JJCS_JJD,sa mga pinakaimportante,sa mga pinakaimportante
004879,DT.* JJ.* CC.*,DTCP JJCS_JJD CCP,mga pinakaimportante na,mga pinakaimportante na
004880,JJ.* CC.* VB.*,JJCS_JJD CCP VBTS,pinakaimportante na naipakilala,pinakaimportante na naipakilala
004881,JJ.* CC.* NN.*_PM.*,JJD CCP NNC_PMP,mataas na paaralan.,mataas na paaralan.
004935,PR.* RB.* VB.*,PRS RBW VBTS_VBOF,ko noon dyan,ko noon dyan
004936,RB.* VB.* RB.*,RBW VBTS_VBOF RBI,noon dyan lang,noon dyan lang
004937,RB.* PR.* VB.*_PM.*,RBI PRS VBTR_PMP,naman ako nagkaproblema.,naman ako nagkaproblema.
004965,RB.* DT.* PR.*,RBI DTC PRSP_CCP,na ang kanyang,na ang kanyang
004966,DT.* PR.* NN.*_PM.*,DTC PRSP_CCP NNC_PMP,ang kanyang papa.,ang kanyang papa.
004970,VB.* RB.* PR.*,VBN RBI PRS_CCP,wala pa siyang,wala pa siyang
004971,RB.* PR.* VB.*,RBI PRS_CCP VBTR,pa siyang nagiging,pa siyang nagiging
004972,PR.* VB.* NN.*_PM.*,PRS_CCP VBTR NNC_PMP,siyang nagiging boyfriend.,siyang nagiging boyfriend.
004976,VB.* CC.* NN.*_PM.*,VBTS CCB NNC_PMP,idinidikta ng ama.,idinidikta ng ama.
004987,RB.* PR.* VB.*_PM.*,RBI PRS VBTS_PMC,"pa niya nakilala,",pa niya nakilala
005011,NN.* DT.* PR.*,NNP DTC PRSP_CCP,Piolo ang kanyang,Piolo ang kanyang
005012,DT.* PR.* VB.*_PM.*,DTC PRSP_CCP VBTS_VBOF_PMC,"ang kanyang hinangaan,",ang kanyang hinangaan
005017,VB.* CC.* JJ.*,VBTR CCB JJD_CCP,nagtataglay ng maamong,nagtataglay ng maamong
005018,CC.* JJ.* NN.*_PM.*,CCB JJD_CCP NNC_PMP,ng maamong mukha.,ng maamong mukha.
005055,CC.* DT.* NN.*,CCT DTCP NNC_CCP,sa mga babaeng,sa mga babaeng
005056,DT.* NN.* VB.*,DTCP NNC_CCP VBTR,mga babaeng nahuhumaling,mga babaeng nahuhumaling
005057,NN.* VB.* PR.*_PM.*,NNC_CCP VBTR PRL_PMP,babaeng nahuhumaling dito.,babaeng nahuhumaling dito.
005072,CC.* NN.* PR.*_PM.*,CCB NNC PRL_PMP,ng simpatya rito.,ng simpatya rito.
005103,PR.* CC.* PR.*_PM.*,PRS CCT PRSP_PMC,"ako sa inyo,",ako sa inyo
005107,FW CC.* VB.*,FW CCP VBTF_VBOF,plan na kukunin,plan na kukunin
005108,CC.* VB.* PR.*_PM.*,CCP VBTF_VBOF PRP_PMP,na kukunin ninyo.,na kukunin ninyo.
005173,VB.* DT.* JJ.*,VBW DTC JJD_CCP,mailapat ang karagdagang,mailapat ang karagdagang
005174,DT.* JJ.* NN.*_PM.*,DTC JJD_CCP NNC_PMP,ang karagdagang termino.,ang karagdagang termino.
005178,VB.* DT.* NN.*,VBOF DTC NNP_CCP,Tingnan ang Takdang,Tingnan ang Takdang
005179,DT.* NN.* VB.*,DTC NNP_CCP VBW,ang Takdang Gamit,ang Takdang Gamit
005180,NN.* VB.* CC.*,NNP_CCP VBW CCT,Takdang Gamit para,Takdang Gamit para
005181,CC.* DT.* NN.*_PM.*,CCT DTCP NNC_PMP,sa mga detalye.,sa mga detalye.
005196,PR.* CC.* PR.*,PRS CCT PRSP_CCP,niya sa kanyang,niya sa kanyang
005197,CC.* PR.* NN.*_PM.*,CCT PRSP_CCP NNC_PMP,sa kanyang sarili.,sa kanyang sarili.
005220,NN.* NN.* CD.*_PM.*,NNPA NNP CDB_PMP,MGA TANONG 1.,MGA TANONG 1.
005221,CC.* VB.* PR.*,CCR VBH PRO_CCP,Kung mayroon pong,Kung mayroon pong
005222,VB.* PR.* DT.*,VBH PRO_CCP DTCP,mayroon pong mga,mayroon pong mga
005223,PR.* DT.* NN.*,PRO_CCP DTCP NNC,pong mga problema,pong mga problema
005238,CC.* DT.* RB.*,CCT DTCP RBT_CCP,sa mga talagang,sa mga talagang
005239,DT.* RB.* JJ.*,DTCP RBT_CCP JJD,mga talagang mahihirap,mga talagang mahihirap
005240,RB.* JJ.* NN.*,RBT_CCP JJD NNC,talagang mahihirap atwala,talagang mahihirap atwala
005241,JJ.* NN.* RB.*,JJD NNC RBT_CCP,mahihirap atwala talagang,mahihirap atwala talagang
005242,NN.* RB.* VB.*,NNC RBT_CCP VBTF,atwala talagang tutulong,atwala talagang tutulong
005243,RB.* VB.* CC.*,RBT_CCP VBTF CCT,talagang tutulong sa,talagang tutulong sa
005244,VB.* CC.* PR.*_PM.*,VBTF CCT PRSP_PMP,tutulong sa kanila.,tutulong sa kanila.
005280,DT.* DT.* VB.*,DTC DTCP VBTS_CCP,Ang mga nakarehistrong,Ang mga nakarehistrong
005281,DT.* VB.* NN.*,DTCP VBTS_CCP NNC,mga nakarehistrong manlalaro,mga nakarehistrong manlalaro
005282,VB.* NN.* RB.*,VBTS_CCP NNC RBI,nakarehistrong manlalaro lang,nakarehistrong manlalaro lang
005283,RB.* DT.* RB.*,RBI DTC RBT_CCP,lang ang pwedeng,lang ang pwedeng
005284,DT.* RB.* VB.*,DTC RBT_CCP VBW,ang pwedeng makaboto,ang pwedeng makaboto
005285,RB.* VB.* CC.*,RBT_CCP VBW CCB,pwedeng makaboto ng,pwedeng makaboto ng
005286,VB.* CC.* VB.*,VBW CCB VBN_CCP,makaboto ng walang,makaboto ng walang
005287,CC.* VB.* NN.*_PM.*,CCB VBN_CCP NNC_PMP,ng walang pagpapatunay.,ng walang pagpapatunay.
005314,RB.* RB.* VB.*,RBM RBW_CCP VBOF,Maaring sandaling tingnan,Maaring sandaling tingnan
005315,RB.* VB.* DT.*,RBW_CCP VBOF DTC,sandaling tingnan ang,sandaling tingnan ang
005316,DT.* DT.* PR.*_PM.*,DTC DTCP PRO_PMP,ang mga ito.,ang mga ito.
005323,VB.* CC.* PR.*,VBTF CCT PRI_CCP,hihigit sa isang,hihigit sa isang
005324,CC.* PR.* NN.*,CCT PRI_CCP NNC_CCP,sa isang buwang,sa isang buwang
005350,PR.* CC.* NN.*_PM.*,PRS CCB NNP_PMC,"ka ng Tagalog,",ka ng Tagalog
005355,VB.* PR.* VB.*,VBS PRS_CCP VBAF,maaari kang gumamit,maaari kang gumamit
005356,PR.* VB.* CC.*,PRS_CCP VBAF CCB,kang gumamit ng,kang gumamit ng
005357,NN.* CC.* VB.*,NNC CCB VBN_CCP,wika nang walang,wika nang walang
005358,CC.* VB.* NN.*_PM.*,CCB VBN_CCP NNC_PMP,nang walang bayad.,nang walang bayad.
005384,VB.* PR.* CC.*,VBTF_VBAF PRP CCB,magpapadala kami ng,magpapadala kami ng
005385,PR.* CC.* PR.*,PRP CCB PRI_CCP,kami ng isang,kami ng isang
005386,CC.* PR.* NN.*,CCB PRI_CCP NNC,ng isang dokumento,ng isang dokumento
005402,CC.* NN.*_PM.* CC.*,CCB NNP_PMS CCP,"ng Balota"" na","ng Balota"" na"
005403,NN.*_PM.* CC.* VB.*,NNP_PMS CCP VBTR_VBAF,"Balota"" na humihingi","Balota"" na humihingi"
005404,CC.* VB.* CC.*,CCP VBTR_VBAF CCB,na humihingi ng,na humihingi ng
005405,VB.* CC.* PR.*,VBTR_VBAF CCB PRSP_CCP,humihingi ng iyong,humihingi ng iyong
005406,CC.* PR.* NN.*_PM.*,CCB PRSP_CCP NNC_PMP,ng iyong lagda.,ng iyong lagda.
